TransactionID,isFraud
3663549,0.0023948948
3663550,0.003718169
3663551,0.036717113
3663552,0.006230308
3663553,0.0017803193
3663554,0.0022300761
3663555,0.010131129
3663556,0.0049442663
3663557,0.0020219637
3663558,0.006950068
3663559,0.0017346389
3663560,0.0015650495
3663561,0.0061866217
3663562,0.0024204727
3663563,0.0031380083
3663564,0.0012152125
3663565,0.0028684349
3663566,0.0029427386
3663567,0.0015477814
3663568,0.006165441
3663569,0.021074958
3663570,0.0023578934
3663571,0.0027788891
3663572,0.003359398
3663573,0.0031469858
3663574,0.0039240927
3663575,0.0019529865
3663576,0.013432324
3663577,0.004689412
3663578,0.0018159325
3663579,0.006698731
3663580,0.0037620866
3663581,0.0051072054
3663582,0.015035002
3663583,0.0031952779
3663584,0.0035205968
3663585,0.00362918
3663586,0.013738882
3663587,0.017464899
3663588,0.00876451
3663589,0.009713947
3663590,0.0006749643
3663591,0.005102507
3663592,0.00923813
3663593,0.00415473
3663594,0.010549762
3663595,0.0056147864
3663596,0.00124946
3663597,0.0037072264
3663598,0.022683604
3663599,0.0005530326
3663600,0.0048948936
3663601,0.016880551
3663602,0.20128566
3663603,0.006004037
3663604,0.0065041804
3663605,0.010679017
3663606,0.007736281
3663607,0.017493209
3663608,0.0048262943
3663609,0.0020215223
3663610,0.0028150291
3663611,0.0014092615
3663612,0.002332438
3663613,0.016171927
3663614,0.0029325904
3663615,0.0037417517
3663616,0.0038955829
3663617,0.0013094953
3663618,0.000774147
3663619,0.00109193
3663620,0.01216295
3663621,0.0027182242
3663622,0.004509519
3663623,0.0016405181
3663624,0.005723475
3663625,0.0005864679
3663626,0.007692443
3663627,0.0030182537
3663628,0.0050135255
3663629,0.004687152
3663630,0.001673765
3663631,0.0025694463
3663632,0.0009964643
3663633,0.0016185042
3663634,0.020178478
3663635,0.006283006
3663636,0.039901678
3663637,0.01333268
3663638,0.0034976583
3663639,0.0045837206
3663640,0.0054489444
3663641,0.003882678
3663642,0.002210874
3663643,0.006659086
3663644,0.0011438363
3663645,0.0027431767
3663646,0.042164564
3663647,0.012348143
3663648,0.0033858952
3663649,0.0045678285
3663650,0.037364755
3663651,0.0009436916
3663652,0.0063390327
3663653,0.0009268593
3663654,0.004055372
3663655,0.082256
3663656,0.0010524081
3663657,0.0019900552
3663658,0.0033249755
3663659,0.0038435624
3663660,0.00313186
3663661,0.0058037755
3663662,0.008138308
3663663,0.005275025
3663664,0.0017687298
3663665,0.003568006
3663666,0.0055317194
3663667,0.0045625805
3663668,0.0068585174
3663669,0.013898379
3663670,0.005269883
3663671,0.0024072325
3663672,0.005739548
3663673,0.019980414
3663674,0.007955892
3663675,0.0005991794
3663676,0.0018424209
3663677,0.001727036
3663678,0.004037719
3663679,0.003489486
3663680,0.0023199078
3663681,0.0006698862
3663682,0.0075610653
3663683,0.0044343523
3663684,0.003853908
3663685,0.006939719
3663686,0.0009068871
3663687,0.0036186376
3663688,0.003309988
3663689,0.0020144007
3663690,0.008779573
3663691,0.002284287
3663692,0.0018366091
3663693,0.006717925
3663694,0.002054164
3663695,0.0038268827
3663696,0.013373168
3663697,0.0018302483
3663698,0.004061264
3663699,0.0334513
3663700,0.0064462973
3663701,0.008257168
3663702,0.005615551
3663703,0.006561025
3663704,0.10663112
3663705,0.2393601
3663706,0.0028583435
3663707,0.0021565577
3663708,0.0031187779
3663709,0.018254047
3663710,0.010626281
3663711,0.0046811113
3663712,0.010452318
3663713,0.058618426
3663714,0.010244637
3663715,0.00380912
3663716,0.016779361
3663717,0.0032579962
3663718,0.0022794595
3663719,0.062061846
3663720,0.0011832155
3663721,0.038116556
3663722,0.0036926004
3663723,0.05484778
3663724,0.00056545757
3663725,0.003660389
3663726,0.012198924
3663727,0.0017073243
3663728,0.007728547
3663729,0.018079275
3663730,0.0079284655
3663731,0.004127095
3663732,0.0013003877
3663733,0.013195996
3663734,0.0024211856
3663735,0.02132306
3663736,0.006521588
3663737,0.0038806703
3663738,0.0011766164
3663739,0.0017868995
3663740,0.0020839553
3663741,0.032510377
3663742,0.0018512063
3663743,0.004424455
3663744,0.008439591
3663745,0.011854562
3663746,0.008917602
3663747,0.0029138376
3663748,0.00041639546
3663749,0.0064905416
3663750,0.0018756543
3663751,0.0018729548
3663752,0.005540724
3663753,0.0041087978
3663754,0.018177127
3663755,0.019094113
3663756,0.006963347
3663757,0.0089115305
3663758,0.006177684
3663759,0.011618633
3663760,0.0020363561
3663761,0.011881851
3663762,0.0021389755
3663763,0.0057032076
3663764,0.0019006821
3663765,0.00070545834
3663766,0.0034741242
3663767,0.006590146
3663768,0.0023502626
3663769,0.25334904
3663770,0.00081369566
3663771,0.0029308342
3663772,0.0038062222
3663773,0.543912
3663774,0.00621213
3663775,0.004612369
3663776,0.0013163628
3663777,0.0014090234
3663778,0.6260761
3663779,0.006247171
3663780,0.57685447
3663781,0.0021318165
3663782,0.0017367061
3663783,0.0129229175
3663784,0.004142363
3663785,0.0037931795
3663786,0.005312926
3663787,0.0036709097
3663788,0.002451872
3663789,0.0034687498
3663790,0.0025779132
3663791,0.0014277677
3663792,0.003017486
3663793,0.47192413
3663794,0.023482725
3663795,0.0059216307
3663796,0.0014505306
3663797,0.0014444586
3663798,0.007285107
3663799,0.008193422
3663800,0.007870575
3663801,0.0035330362
3663802,0.001479661
3663803,0.013354307
3663804,0.0004606057
3663805,0.008473998
3663806,0.007160649
3663807,0.0046030744
3663808,0.0014186017
3663809,0.014180777
3663810,0.0024815046
3663811,0.49828655
3663812,0.39246356
3663813,0.39246356
3663814,0.000497456
3663815,0.030107077
3663816,0.0032851696
3663817,0.0011766164
3663818,0.0049285404
3663819,0.005917621
3663820,0.0069399555
3663821,0.58211786
3663822,0.01295086
3663823,0.010535427
3663824,0.0047986726
3663825,0.0029336403
3663826,0.0059027644
3663827,0.7042647
3663828,0.62745166
3663829,0.0015486468
3663830,0.009215925
3663831,0.0018187845
3663832,0.0031410812
3663833,0.036922645
3663834,0.0022567594
3663835,0.030041104
3663836,0.86654
3663837,0.0074715554
3663838,0.0055790967
3663839,0.013889325
3663840,0.010720801
3663841,0.0021852737
3663842,0.0015622653
3663843,0.008655496
3663844,0.0016400473
3663845,0.0012042554
3663846,0.0013089677
3663847,0.002081771
3663848,0.023357617
3663849,0.013997893
3663850,0.0069964966
3663851,0.013632591
3663852,0.0015734005
3663853,0.0007119353
3663854,0.0018754972
3663855,0.009734132
3663856,0.0052072876
3663857,0.002584958
3663858,0.046984036
3663859,0.00765575
3663860,0.005227113
3663861,0.003966859
3663862,0.0008721036
3663863,0.0020769008
3663864,0.0042168233
3663865,0.0028857696
3663866,0.0017814499
3663867,0.0021276677
3663868,0.0017540349
3663869,0.01555199
3663870,0.00934846
3663871,0.005591362
3663872,0.014211473
3663873,0.0030808263
3663874,0.002720045
3663875,0.0052337996
3663876,0.0062732575
3663877,0.0019265551
3663878,0.0011464146
3663879,0.0024137064
3663880,0.012826092
3663881,0.013406932
3663882,0.0077830143
3663883,0.0022715179
3663884,0.012037839
3663885,0.0056985593
3663886,0.057582293
3663887,0.002950268
3663888,0.0027756419
3663889,0.003417047
3663890,0.0017637198
3663891,0.004734086
3663892,0.003403531
3663893,0.0031555824
3663894,0.0030246598
3663895,0.0037437235
3663896,0.0040429016
3663897,0.0038467715
3663898,0.0426332
3663899,0.00073907233
3663900,0.03494603
3663901,0.0035662837
3663902,0.00070367963
3663903,0.0011426689
3663904,0.0039899237
3663905,0.031005492
3663906,0.0018918404
3663907,0.008984903
3663908,0.004985753
3663909,0.026547961
3663910,0.0043533365
3663911,0.31528005
3663912,0.00148946
3663913,0.0033019073
3663914,0.0072768973
3663915,0.00075188396
3663916,0.0026426443
3663917,0.0022242249
3663918,0.0023589458
3663919,0.014812285
3663920,0.0062794257
3663921,0.014832032
3663922,0.005701659
3663923,0.0010413319
3663924,0.0050537605
3663925,0.038749833
3663926,0.0008504636
3663927,0.003036654
3663928,0.0015088818
3663929,0.0037482346
3663930,0.0019686588
3663931,0.0054107453
3663932,0.001479161
3663933,0.0024441925
3663934,0.0053242776
3663935,0.0024866539
3663936,0.006122169
3663937,0.0009428697
3663938,0.068289235
3663939,0.007684865
3663940,0.0008908071
3663941,0.0028943387
3663942,0.05090496
3663943,0.0016313834
3663944,0.018592205
3663945,0.029152807
3663946,0.003086216
3663947,0.0004844026
3663948,0.0018004399
3663949,0.063567005
3663950,0.00397091
3663951,0.0013075417
3663952,0.0053307414
3663953,0.00030286165
3663954,0.015834939
3663955,0.013831077
3663956,0.001936819
3663957,0.00375647
3663958,0.001272078
3663959,0.012665027
3663960,0.0022894756
3663961,0.004366153
3663962,0.00046802507
3663963,0.0031743073
3663964,0.00962668
3663965,0.0039261268
3663966,0.0012556022
3663967,0.021505915
3663968,0.005013832
3663969,0.021664558
3663970,0.0026814216
3663971,0.002826837
3663972,0.003271634
3663973,0.0013403862
3663974,0.0015811326
3663975,0.008438841
3663976,0.0019521946
3663977,0.0024079713
3663978,0.0103182485
3663979,0.0019050011
3663980,0.00052172405
3663981,0.0065901647
3663982,0.002734828
3663983,0.0050642635
3663984,0.0046912422
3663985,0.0057123275
3663986,0.021513557
3663987,0.0011210146
3663988,0.0012478688
3663989,0.0032636144
3663990,0.0074388576
3663991,0.003137786
3663992,0.0050254753
3663993,0.019103335
3663994,0.00100881
3663995,0.001357347
3663996,0.055088975
3663997,0.038022865
3663998,0.006122169
3663999,0.0977695
3664000,0.044595167
3664001,0.002413479
3664002,0.010676704
3664003,0.031157184
3664004,0.0012623426
3664005,0.05022659
3664006,0.0048457175
3664007,0.005046779
3664008,0.0072486475
3664009,0.0026923928
3664010,0.018595811
3664011,0.0069196727
3664012,0.00928367
3664013,0.0020479904
3664014,0.0022656529
3664015,0.024039302
3664016,0.0051453463
3664017,0.0007789477
3664018,0.0009877665
3664019,0.0022787221
3664020,0.0038080327
3664021,0.0006274042
3664022,0.0046172077
3664023,0.00406366
3664024,0.0017216933
3664025,0.0026317565
3664026,0.001674432
3664027,0.0009116378
3664028,0.0005018029
3664029,0.0026358187
3664030,0.0016144394
3664031,0.0025713986
3664032,0.0017244039
3664033,0.002190338
3664034,0.0039107427
3664035,0.0005169972
3664036,0.0015678573
3664037,0.004087334
3664038,0.0035330362
3664039,0.0006925186
3664040,0.0010527696
3664041,0.0015580701
3664042,0.0016556501
3664043,0.0126087265
3664044,0.0051950626
3664045,0.017749064
3664046,0.019722769
3664047,0.0015018327
3664048,0.0047513177
3664049,0.0069949063
3664050,0.0033495335
3664051,0.026711466
3664052,0.2796204
3664053,0.14806212
3664054,0.008584852
3664055,0.025674015
3664056,0.0120558925
3664057,0.0039343513
3664058,0.0029897445
3664059,0.044345368
3664060,0.0017487586
3664061,0.009679555
3664062,0.0017909067
3664063,0.0020351105
3664064,0.0009216817
3664065,0.0013871943
3664066,0.009093016
3664067,0.0032182352
3664068,0.005975281
3664069,0.004985117
3664070,0.0009925753
3664071,0.0020163618
3664072,0.003886549
3664073,0.0014870599
3664074,0.0014530662
3664075,0.06699224
3664076,0.03483722
3664077,0.0031066227
3664078,0.004952284
3664079,0.015264763
3664080,0.019936757
3664081,0.009800025
3664082,0.0017092784
3664083,0.0017497061
3664084,0.00397441
3664085,0.00046753074
3664086,0.009515172
3664087,0.0060802507
3664088,0.030593509
3664089,0.0007089704
3664090,0.0009616893
3664091,0.0152451
3664092,0.0021702244
3664093,0.0032870625
3664094,0.021169838
3664095,0.014272056
3664096,0.0025137987
3664097,0.001110816
3664098,0.0042612627
3664099,0.018687345
3664100,0.0051955804
3664101,0.0019461995
3664102,0.013027017
3664103,0.46123144
3664104,0.0012837314
3664105,0.017209727
3664106,0.023087377
3664107,0.0024346206
3664108,0.00078217103
3664109,0.0018688365
3664110,0.0031764312
3664111,0.0023525434
3664112,0.011086314
3664113,0.008804153
3664114,0.0013447227
3664115,0.011018023
3664116,0.0052745324
3664117,0.0032316856
3664118,0.0006774586
3664119,0.009149992
3664120,0.0021738342
3664121,0.0017988596
3664122,0.0013874843
3664123,0.0026958687
3664124,0.0027211173
3664125,0.0011852883
3664126,0.0036326733
3664127,0.0132719325
3664128,0.002492251
3664129,0.007325046
3664130,0.002657847
3664131,0.013083696
3664132,0.0022534013
3664133,0.003521696
3664134,0.009110468
3664135,0.0039023424
3664136,0.022457125
3664137,0.006380586
3664138,0.0029138376
3664139,0.003278765
3664140,0.010557909
3664141,0.0011761547
3664142,0.0014677814
3664143,0.008331818
3664144,0.0007518936
3664145,0.0013422653
3664146,0.013795124
3664147,0.0011855819
3664148,0.0029624992
3664149,0.0056703035
3664150,0.0037864952
3664151,0.0012595742
3664152,0.0006365691
3664153,0.027467148
3664154,0.0036126284
3664155,0.0037835645
3664156,0.013427913
3664157,0.031006748
3664158,0.009167153
3664159,0.0022434753
3664160,0.0060968515
3664161,0.009574974
3664162,0.0013397398
3664163,0.017967984
3664164,0.0033937483
3664165,0.0049073845
3664166,0.0019146156
3664167,0.009167153
3664168,0.011915465
3664169,0.009167153
3664170,0.015520716
3664171,0.012056784
3664172,0.007469858
3664173,0.0051935054
3664174,0.009018848
3664175,0.0049620215
3664176,0.0053179706
3664177,0.04380838
3664178,0.0023278832
3664179,0.0027506968
3664180,0.0022515892
3664181,0.003962822
3664182,0.010597848
3664183,0.001579397
3664184,0.0005232829
3664185,0.0014327706
3664186,0.011564297
3664187,0.0011297598
3664188,0.002591158
3664189,0.010299591
3664190,0.005922453
3664191,0.0026189873
3664192,0.002120409
3664193,0.0010324474
3664194,0.001391095
3664195,0.0006807395
3664196,0.014844934
3664197,0.0022615874
3664198,0.003887919
3664199,0.05901098
3664200,0.0021320782
3664201,0.0020662781
3664202,0.008064318
3664203,0.0040158774
3664204,0.002375991
3664205,0.0003091163
3664206,0.0044436012
3664207,0.013888527
3664208,0.0034394257
3664209,0.0025576463
3664210,0.033596486
3664211,0.016832694
3664212,0.0019027864
3664213,0.01612181
3664214,0.0058394154
3664215,0.0043363436
3664216,0.02712513
3664217,0.00047406805
3664218,0.055357635
3664219,0.0006092957
3664220,0.008074837
3664221,0.031042663
3664222,0.005472463
3664223,0.0035559626
3664224,0.004177558
3664225,0.0027384104
3664226,0.042432252
3664227,0.0025336528
3664228,0.046044506
3664229,0.002729235
3664230,0.01428705
3664231,0.011927176
3664232,0.029886361
3664233,0.004013578
3664234,0.06367188
3664235,0.005295991
3664236,0.01108069
3664237,0.0029808201
3664238,0.0010295439
3664239,0.00087768066
3664240,0.0050339065
3664241,0.003588605
3664242,0.00075876544
3664243,0.002423601
3664244,0.015494386
3664245,0.0021966803
3664246,0.017685067
3664247,0.0038089752
3664248,0.0008466778
3664249,0.015634274
3664250,0.002098056
3664251,0.053419895
3664252,0.0041924063
3664253,0.000425995
3664254,0.00509221
3664255,0.019916493
3664256,0.0038108104
3664257,0.003813858
3664258,0.0014448466
3664259,0.14565074
3664260,0.0048841937
3664261,0.005973981
3664262,0.0016971494
3664263,0.0012383697
3664264,0.002109247
3664265,0.002861353
3664266,0.0037691845
3664267,0.001210137
3664268,0.002637967
3664269,0.0021030307
3664270,0.015410177
3664271,0.017739382
3664272,0.0037750944
3664273,0.016798213
3664274,0.0036136967
3664275,0.013638671
3664276,0.0024588245
3664277,0.0026411214
3664278,0.008709128
3664279,0.0020638264
3664280,0.0015728755
3664281,0.003072262
3664282,0.0021789311
3664283,0.004899267
3664284,0.009718329
3664285,0.003857723
3664286,0.0016490913
3664287,0.035815835
3664288,0.0034708655
3664289,0.00040226083
3664290,0.030074157
3664291,0.008755666
3664292,0.003543468
3664293,0.057675853
3664294,0.0029913124
3664295,0.005564429
3664296,0.019405672
3664297,0.011300417
3664298,0.005295918
3664299,0.05028089
3664300,0.0019718937
3664301,0.03043687
3664302,0.0019380888
3664303,0.007898805
3664304,0.009333078
3664305,0.0018965156
3664306,0.012204977
3664307,0.020151269
3664308,0.019989261
3664309,0.018874975
3664310,0.035320383
3664311,0.0025365478
3664312,0.027351398
3664313,0.024391009
3664314,0.010022305
3664315,0.007604754
3664316,0.053944632
3664317,0.0010133383
3664318,0.0018829108
3664319,0.07054151
3664320,0.0018601286
3664321,0.08335954
3664322,0.015668634
3664323,0.02124175
3664324,0.0023070562
3664325,0.014626173
3664326,0.00050516205
3664327,0.007418507
3664328,0.08335954
3664329,0.003831435
3664330,0.012685842
3664331,0.002739838
3664332,0.011907901
3664333,0.0058583003
3664334,0.0028297915
3664335,0.020839334
3664336,0.0011743059
3664337,0.0022632515
3664338,0.120644294
3664339,0.0026664485
3664340,0.0072070747
3664341,0.0009906396
3664342,0.0021030307
3664343,0.003236494
3664344,0.0007180171
3664345,0.0019567944
3664346,0.008183036
3664347,0.0010619335
3664348,0.0014004556
3664349,0.0010944204
3664350,0.0017744834
3664351,0.0065285987
3664352,0.007850739
3664353,0.008747216
3664354,0.009227461
3664355,0.0010270957
3664356,0.0036636875
3664357,0.0042306692
3664358,0.007245937
3664359,0.0014765918
3664360,0.0976362
3664361,0.010055895
3664362,0.0025514998
3664363,0.006159463
3664364,0.0018534184
3664365,0.0142603
3664366,0.0019823113
3664367,0.0012165022
3664368,0.0025059723
3664369,0.0029857913
3664370,0.0025610218
3664371,0.0012032831
3664372,0.005968402
3664373,0.0032636311
3664374,0.015327484
3664375,0.008691108
3664376,0.003771708
3664377,0.027011847
3664378,0.0028759718
3664379,0.0023443333
3664380,0.0010983204
3664381,0.0037435528
3664382,0.010003521
3664383,0.0014184423
3664384,0.004371407
3664385,0.0018318049
3664386,0.012975784
3664387,0.0036221708
3664388,0.0050582387
3664389,0.0030118823
3664390,0.010258644
3664391,0.012322583
3664392,0.002776266
3664393,0.0026486763
3664394,0.018930944
3664395,0.0024436866
3664396,0.0007463728
3664397,0.0016328729
3664398,0.007651777
3664399,0.03240713
3664400,0.0043789656
3664401,0.0014041261
3664402,0.0011023554
3664403,0.005964805
3664404,0.00059887307
3664405,0.00464707
3664406,0.004068238
3664407,0.0014659502
3664408,0.0055282973
3664409,0.011340609
3664410,0.0022351344
3664411,0.009345112
3664412,0.015651405
3664413,0.0025978868
3664414,0.02632511
3664415,0.010238082
3664416,0.0047577554
3664417,0.003142872
3664418,0.0013451242
3664419,0.0034624445
3664420,0.0024305717
3664421,0.0029138376
3664422,0.005950815
3664423,0.002480997
3664424,0.016727518
3664425,0.0032273156
3664426,0.005475376
3664427,0.0031837213
3664428,0.009888451
3664429,0.061899543
3664430,0.0040617036
3664431,0.0020991776
3664432,0.0034006676
3664433,0.011734195
3664434,0.012629777
3664435,0.0043674363
3664436,0.0015526726
3664437,0.0038368185
3664438,0.010674831
3664439,0.006913087
3664440,0.0018376294
3664441,0.0009223652
3664442,0.0037750583
3664443,0.0037367886
3664444,0.0049380814
3664445,0.003547432
3664446,0.005782908
3664447,0.0038253486
3664448,0.032001857
3664449,0.0049771145
3664450,0.0157196
3664451,0.003875183
3664452,0.0049771145
3664453,0.0015314857
3664454,0.02325241
3664455,0.012319102
3664456,0.004296484
3664457,0.005861216
3664458,0.0075754058
3664459,0.009440409
3664460,0.003734872
3664461,0.0027932369
3664462,0.009969008
3664463,0.0014909272
3664464,0.009969008
3664465,0.0030121915
3664466,0.0032811938
3664467,0.002740714
3664468,0.0021969948
3664469,0.0025311955
3664470,0.004886841
3664471,0.010021185
3664472,0.0071551227
3664473,0.002443833
3664474,0.012445956
3664475,0.0027098828
3664476,0.011998873
3664477,0.0029392764
3664478,0.0050987224
3664479,0.02354743
3664480,0.0049962383
3664481,0.038106583
3664482,0.024633884
3664483,0.0033001564
3664484,0.004055686
3664485,0.029193334
3664486,0.008480446
3664487,0.0015287808
3664488,0.0016799042
3664489,0.0036756808
3664490,0.012698402
3664491,0.0069170515
3664492,0.039913673
3664493,0.0023581705
3664494,0.0058723604
3664495,0.0030399098
3664496,0.008462671
3664497,0.0054346803
3664498,0.012725271
3664499,0.0039123865
3664500,0.007836868
3664501,0.009147269
3664502,0.004375279
3664503,0.0057873204
3664504,0.0044216914
3664505,0.010774332
3664506,0.0039984453
3664507,0.001178274
3664508,0.0022543578
3664509,0.0020000697
3664510,0.044757117
3664511,0.0038522992
3664512,0.0110762855
3664513,0.0110762855
3664514,0.0110762855
3664515,0.0032971967
3664516,0.006024567
3664517,0.0110762855
3664518,0.0110762855
3664519,0.009371752
3664520,0.047253266
3664521,0.035958823
3664522,0.0047062347
3664523,0.0036613944
3664524,0.00059605634
3664525,0.0034553602
3664526,0.0071327933
3664527,0.040631004
3664528,0.010384178
3664529,0.0037113093
3664530,0.001920002
3664531,0.0049623013
3664532,0.028051183
3664533,0.078605786
3664534,0.040343262
3664535,0.036934722
3664536,0.0057493085
3664537,0.0005489733
3664538,0.08964555
3664539,0.002359884
3664540,0.00085258903
3664541,0.0015616266
3664542,0.010871893
3664543,0.00046709666
3664544,0.07846875
3664545,0.0020082663
3664546,0.0032069937
3664547,0.0014408393
3664548,0.0024463988
3664549,0.025478205
3664550,0.007842795
3664551,0.009152271
3664552,0.008938133
3664553,0.0016335533
3664554,0.0150700305
3664555,0.048873615
3664556,0.018515622
3664557,0.07612674
3664558,0.0038603002
3664559,0.0023917754
3664560,0.009776847
3664561,0.007750592
3664562,0.008093171
3664563,0.0031973822
3664564,0.01918131
3664565,0.0024815106
3664566,0.00435607
3664567,0.00325315
3664568,0.0022567594
3664569,0.025713695
3664570,0.0031475003
3664571,0.05028325
3664572,0.002635839
3664573,0.0055168006
3664574,0.0013247984
3664575,0.002181428
3664576,0.040146824
3664577,0.0019151105
3664578,0.027284333
3664579,0.0007342834
3664580,0.0023510822
3664581,0.006444401
3664582,0.0068484624
3664583,0.0035330362
3664584,0.0012734655
3664585,0.13345182
3664586,0.037916917
3664587,0.005545074
3664588,0.027666435
3664589,0.012617271
3664590,0.008465052
3664591,0.019724326
3664592,0.0029133277
3664593,0.06894906
3664594,0.05654128
3664595,0.0025113046
3664596,0.0064352024
3664597,0.0082233595
3664598,0.0013874375
3664599,0.0041439463
3664600,0.0051345835
3664601,0.006549142
3664602,0.0022622363
3664603,0.0058882628
3664604,0.0028891044
3664605,0.0018295385
3664606,0.025441693
3664607,0.010387172
3664608,0.0010104313
3664609,0.13286828
3664610,0.0046631703
3664611,0.004376054
3664612,0.0021465356
3664613,0.011979568
3664614,0.0019138041
3664615,0.0020222254
3664616,0.0020543046
3664617,0.024926024
3664618,0.03717701
3664619,0.0073254234
3664620,0.005236611
3664621,0.020436991
3664622,0.0033624982
3664623,0.010902199
3664624,0.009487272
3664625,0.0025652559
3664626,0.0075673223
3664627,0.0093341535
3664628,0.0064478093
3664629,0.11732707
3664630,0.0043840054
3664631,0.008659777
3664632,0.0016356575
3664633,0.0028211356
3664634,0.014851192
3664635,0.0014193937
3664636,0.0024319456
3664637,0.005223745
3664638,0.002913598
3664639,0.0039159954
3664640,0.002530106
3664641,0.0065815486
3664642,0.0025314519
3664643,0.0043207826
3664644,0.00397441
3664645,0.010948522
3664646,0.004815695
3664647,0.002095794
3664648,0.0034451953
3664649,0.41169816
3664650,0.007937389
3664651,0.01360371
3664652,0.0011519075
3664653,0.014346413
3664654,0.006682923
3664655,0.01473647
3664656,0.005621308
3664657,0.0013578093
3664658,0.0027328194
3664659,0.0009741627
3664660,0.72181463
3664661,0.18318841
3664662,0.0062805777
3664663,0.07390557
3664664,0.012883083
3664665,0.0024853295
3664666,0.0010973942
3664667,0.0014758249
3664668,0.02635471
3664669,0.0030082648
3664670,0.0071878643
3664671,0.003856336
3664672,0.002313818
3664673,0.0022537068
3664674,0.0026134131
3664675,0.0027605481
3664676,0.0032039208
3664677,0.001674169
3664678,0.0013886688
3664679,0.010057167
3664680,0.0048984718
3664681,0.000739808
3664682,0.001985868
3664683,0.0020387988
3664684,0.018454991
3664685,0.0061003193
3664686,0.0012694896
3664687,0.005934663
3664688,0.015409714
3664689,0.007079022
3664690,0.04586706
3664691,0.0017581157
3664692,0.0030689556
3664693,0.014702045
3664694,0.011858606
3664695,0.0027888918
3664696,0.010972258
3664697,0.0034605972
3664698,0.0029801526
3664699,0.0022610454
3664700,0.0016757023
3664701,0.0037307187
3664702,0.0017607077
3664703,0.0011816798
3664704,0.012346406
3664705,0.003588704
3664706,0.008146156
3664707,0.005508036
3664708,0.03383598
3664709,0.0050966884
3664710,0.0013152525
3664711,0.012310679
3664712,0.013471766
3664713,0.019162586
3664714,0.0019753943
3664715,0.0025928298
3664716,0.003334719
3664717,0.013482456
3664718,0.0017333918
3664719,0.0029353618
3664720,0.0005774964
3664721,0.01641854
3664722,0.0010880864
3664723,0.03156818
3664724,0.0010784972
3664725,0.009079682
3664726,0.012550032
3664727,0.005230881
3664728,0.0023184777
3664729,0.0040205703
3664730,0.16410019
3664731,0.0075843907
3664732,0.0039656498
3664733,0.003977499
3664734,0.0005691154
3664735,0.00071385555
3664736,0.0010653082
3664737,0.0075857653
3664738,0.0031076167
3664739,0.005249488
3664740,0.0074225985
3664741,0.0013899376
3664742,0.0015949066
3664743,0.010348487
3664744,0.0012837314
3664745,0.009789629
3664746,0.010382634
3664747,0.0072230776
3664748,0.002040637
3664749,0.0028188024
3664750,0.008463823
3664751,0.0016372919
3664752,0.0055775046
3664753,0.043271758
3664754,0.001563791
3664755,0.0019813813
3664756,0.0044115456
3664757,0.108961366
3664758,0.006356345
3664759,0.0035590187
3664760,0.039383035
3664761,0.0020244718
3664762,0.006075446
3664763,0.001047953
3664764,0.05169811
3664765,0.033269603
3664766,0.003145121
3664767,0.013485932
3664768,0.006183172
3664769,0.004719789
3664770,0.0027060052
3664771,0.00074835634
3664772,0.0018105368
3664773,0.010854298
3664774,0.0070969756
3664775,0.031687796
3664776,0.0013617501
3664777,0.0014387113
3664778,0.0007000283
3664779,0.0012984124
3664780,0.0031306485
3664781,0.004183471
3664782,0.0018337668
3664783,0.00047971113
3664784,0.0049442286
3664785,0.0038590115
3664786,0.041901294
3664787,0.010080837
3664788,0.20040958
3664789,0.004155849
3664790,0.0018803235
3664791,0.0011599577
3664792,0.005580433
3664793,0.00064039876
3664794,0.0031696695
3664795,0.007610049
3664796,0.0012681512
3664797,0.0148173785
3664798,0.0023624203
3664799,0.0063701803
3664800,0.0029184045
3664801,0.001188747
3664802,0.024422936
3664803,0.0027912916
3664804,0.003617943
3664805,0.005227113
3664806,0.0016891749
3664807,0.0020423196
3664808,0.0048424928
3664809,0.004690699
3664810,0.0022326228
3664811,0.004520378
3664812,0.005291494
3664813,0.0051823473
3664814,0.0048457175
3664815,0.018738609
3664816,0.0035138216
3664817,0.008813162
3664818,0.0013971572
3664819,0.005534511
3664820,0.0046437453
3664821,0.092679396
3664822,0.0086592855
3664823,0.0046658358
3664824,0.015499071
3664825,0.0056924103
3664826,0.0050333235
3664827,0.015851863
3664828,0.0042044595
3664829,0.7310568
3664830,0.0013052933
3664831,0.04893244
3664832,0.0011992685
3664833,0.0010001975
3664834,0.6430049
3664835,0.0040788217
3664836,0.008693832
3664837,0.007849418
3664838,0.012742663
3664839,0.0052971393
3664840,0.0032807041
3664841,0.0055869413
3664842,0.0039078845
3664843,0.004967225
3664844,0.0017814499
3664845,0.01955211
3664846,0.017867455
3664847,0.0013247593
3664848,0.14283405
3664849,0.0012380659
3664850,0.0039729737
3664851,0.018642467
3664852,0.0061364635
3664853,0.0020264573
3664854,0.011091035
3664855,0.030548321
3664856,0.0029038163
3664857,0.0029164697
3664858,0.0006270482
3664859,0.007888543
3664860,0.0035122356
3664861,0.00085018243
3664862,0.0037046014
3664863,0.0016502024
3664864,0.009346504
3664865,0.0064001726
3664866,0.02406681
3664867,0.0015375913
3664868,0.004325423
3664869,0.00083673146
3664870,0.0015439506
3664871,0.0011302076
3664872,0.00029337758
3664873,0.001415723
3664874,0.007220192
3664875,0.005956298
3664876,0.0037392161
3664877,0.0010626034
3664878,0.015211941
3664879,0.0027040564
3664880,0.007760881
3664881,0.0017368268
3664882,0.010291681
3664883,0.03765604
3664884,0.0023972418
3664885,0.053907204
3664886,0.0085440725
3664887,0.8216492
3664888,0.0057314173
3664889,0.0010598884
3664890,0.0039050202
3664891,0.0052899355
3664892,0.0015248532
3664893,0.006285159
3664894,0.0003729062
3664895,0.0029301026
3664896,0.0021338796
3664897,0.0073908335
3664898,0.006292621
3664899,0.0034043593
3664900,0.003546761
3664901,0.004579195
3664902,0.0013292263
3664903,0.0036324365
3664904,0.018137958
3664905,0.0011783717
3664906,0.0037768898
3664907,0.0007803054
3664908,0.8777378
3664909,0.0006860135
3664910,0.0056778495
3664911,0.0039250953
3664912,0.0009033651
3664913,0.9691227
3664914,0.008837718
3664915,0.038752027
3664916,0.0024319456
3664917,0.001656291
3664918,0.0070976513
3664919,0.8546694
3664920,0.0022092126
3664921,0.93234986
3664922,0.017122185
3664923,0.0041893735
3664924,0.003532724
3664925,0.026647707
3664926,0.0008762584
3664927,0.19081925
3664928,0.0028891044
3664929,0.0032913412
3664930,0.009309305
3664931,0.008495174
3664932,0.0010175437
3664933,0.00054397964
3664934,0.0006841531
3664935,0.0059709153
3664936,0.008216409
3664937,0.0043056756
3664938,0.0068333526
3664939,0.0024666605
3664940,0.003897188
3664941,0.008088901
3664942,0.00794688
3664943,0.009343709
3664944,0.008360355
3664945,0.0031353976
3664946,0.000508219
3664947,0.29228488
3664948,0.0029830176
3664949,0.0004420878
3664950,0.2569984
3664951,0.2013292
3664952,0.009147031
3664953,0.0024574483
3664954,0.00036544053
3664955,0.0013516047
3664956,0.0004025528
3664957,0.0040870975
3664958,0.010005651
3664959,0.0019961644
3664960,0.006764171
3664961,0.0064002755
3664962,0.0058439183
3664963,0.018058658
3664964,0.0066409996
3664965,0.0013207513
3664966,0.0016932025
3664967,0.0026432741
3664968,0.013188323
3664969,0.0075681605
3664970,0.00464756
3664971,0.062292572
3664972,0.0020235414
3664973,0.010266732
3664974,0.009234373
3664975,0.0045534847
3664976,0.0030271327
3664977,0.014155773
3664978,0.0012108088
3664979,0.0068969307
3664980,0.08454549
3664981,0.0017566134
3664982,0.0036468876
3664983,0.0072909133
3664984,0.0052521755
3664985,0.0030425945
3664986,0.002058818
3664987,0.0037587336
3664988,0.01475862
3664989,0.0023639346
3664990,0.004476754
3664991,0.007012011
3664992,0.65377325
3664993,0.0037628962
3664994,0.0026273394
3664995,0.010262145
3664996,0.0009738272
3664997,0.012268086
3664998,0.0018228474
3664999,0.0014173803
3665000,0.8774834
3665001,0.059809938
3665002,0.0010711643
3665003,0.011809024
3665004,0.0024635731
3665005,0.0006912509
3665006,0.003458082
3665007,0.0009457029
3665008,0.0009309749
3665009,0.0021101416
3665010,0.006065785
3665011,0.003652789
3665012,0.001433541
3665013,0.0023915274
3665014,0.0027422807
3665015,0.001166659
3665016,0.0006938061
3665017,0.0009827259
3665018,0.0028166384
3665019,0.000997188
3665020,0.0048458856
3665021,0.0038392763
3665022,0.002812554
3665023,0.003346574
3665024,0.007867269
3665025,0.0021635785
3665026,0.018343603
3665027,0.0008617049
3665028,0.05678602
3665029,0.0041240803
3665030,0.00083344785
3665031,0.007876804
3665032,0.0022217436
3665033,0.017524451
3665034,0.0055146976
3665035,0.021460926
3665036,0.002060497
3665037,0.0070682545
3665038,0.0037488276
3665039,0.0015193542
3665040,0.0022088932
3665041,0.002703429
3665042,0.0029138376
3665043,0.007963615
3665044,0.0063351956
3665045,0.0019640734
3665046,0.0010935732
3665047,0.0029369728
3665048,0.0016166153
3665049,0.0077012023
3665050,0.0025262667
3665051,0.0029980196
3665052,0.0011771607
3665053,0.004758182
3665054,0.0086929975
3665055,0.0033386631
3665056,0.00526227
3665057,0.0023106346
3665058,0.009887933
3665059,0.021200178
3665060,0.003891694
3665061,0.029364783
3665062,0.03959146
3665063,0.0071342112
3665064,0.022297451
3665065,0.0023344073
3665066,0.0011845378
3665067,0.020040154
3665068,0.0023079298
3665069,0.0075584464
3665070,0.0021915347
3665071,0.001126097
3665072,0.0026737954
3665073,0.034641482
3665074,0.005848707
3665075,0.0014688714
3665076,0.016773792
3665077,0.0014756634
3665078,0.008260723
3665079,0.0016488832
3665080,0.006206296
3665081,0.0021843673
3665082,0.021736471
3665083,0.001809166
3665084,0.0050671953
3665085,0.0034107002
3665086,0.037297204
3665087,0.31129605
3665088,0.0017814499
3665089,0.030821873
3665090,0.0017562663
3665091,0.011739183
3665092,0.00088042207
3665093,0.0020648185
3665094,0.007896548
3665095,0.003626584
3665096,0.0034551814
3665097,0.24971566
3665098,0.0044964883
3665099,0.011185686
3665100,0.22016965
3665101,0.004393037
3665102,0.021816572
3665103,0.028145082
3665104,0.00040761393
3665105,0.030479373
3665106,0.058676917
3665107,0.0024309359
3665108,0.0076369066
3665109,0.0028133804
3665110,0.0019282722
3665111,0.0071257823
3665112,0.0030763291
3665113,0.0021812173
3665114,0.0018989571
3665115,0.0027250126
3665116,0.07985758
3665117,0.007038592
3665118,0.0040263063
3665119,0.01106967
3665120,0.002802992
3665121,0.0069525735
3665122,0.0003248605
3665123,0.007885379
3665124,0.029358163
3665125,0.002173253
3665126,0.013642885
3665127,0.0014277991
3665128,0.005593157
3665129,0.0016706199
3665130,0.011138157
3665131,0.00093649066
3665132,0.013861399
3665133,0.005541076
3665134,0.0138028
3665135,0.0071040555
3665136,0.013391343
3665137,0.0025174255
3665138,0.0060044583
3665139,0.0017052272
3665140,0.0058172042
3665141,0.0054032803
3665142,0.0010200036
3665143,0.0037460877
3665144,0.004053984
3665145,0.006465208
3665146,0.002924883
3665147,0.01143749
3665148,0.0027919593
3665149,0.0037880964
3665150,0.10482376
3665151,0.004716661
3665152,0.0027092
3665153,0.002861715
3665154,0.0030647162
3665155,0.0036239645
3665156,0.007059211
3665157,0.015311702
3665158,0.059580997
3665159,0.0055193496
3665160,0.0043460266
3665161,0.01902891
3665162,0.003173019
3665163,0.00080174167
3665164,0.0008609978
3665165,0.0012136827
3665166,0.006655072
3665167,0.003085572
3665168,0.0006742737
3665169,0.0017996596
3665170,0.0072893742
3665171,0.002658459
3665172,0.001995157
3665173,0.0010285166
3665174,0.0013117972
3665175,0.0016148353
3665176,0.010016275
3665177,0.0087287
3665178,0.0010225022
3665179,0.01601113
3665180,0.009472317
3665181,0.0030009826
3665182,0.0076323007
3665183,0.00052834745
3665184,0.0035121457
3665185,0.0005941415
3665186,0.12684616
3665187,0.08190593
3665188,0.010078481
3665189,0.0040553375
3665190,0.0022921448
3665191,0.011983379
3665192,0.20947562
3665193,0.00062479475
3665194,0.044000596
3665195,0.0019714676
3665196,0.0397438
3665197,0.00272533
3665198,0.024715884
3665199,0.002362027
3665200,0.0043807183
3665201,0.0010919871
3665202,0.00048302536
3665203,0.005522439
3665204,0.0018453108
3665205,0.002557493
3665206,0.0013527122
3665207,0.0028363396
3665208,0.0015196328
3665209,0.0020707322
3665210,0.0064442307
3665211,0.0012959205
3665212,0.004230814
3665213,0.00740059
3665214,0.0054640765
3665215,0.009703485
3665216,0.001038736
3665217,0.0020820412
3665218,0.013647338
3665219,0.0074830316
3665220,0.001533864
3665221,0.0041718604
3665222,0.10594334
3665223,0.0008318087
3665224,0.005741004
3665225,0.0026691419
3665226,0.003561187
3665227,0.015969219
3665228,0.0018235199
3665229,0.0007570628
3665230,0.0011612722
3665231,0.003582656
3665232,0.003047835
3665233,0.0032556064
3665234,0.0030669575
3665235,0.0066968785
3665236,0.018578136
3665237,0.0072647003
3665238,0.0019371058
3665239,0.0070322393
3665240,0.0037379728
3665241,0.02461699
3665242,0.009544152
3665243,0.17664789
3665244,0.005149837
3665245,0.0018757739
3665246,0.0077757966
3665247,0.0057513504
3665248,0.0031850063
3665249,0.010775257
3665250,0.0043545603
3665251,0.0022617434
3665252,0.0018588577
3665253,0.0039883098
3665254,0.010485534
3665255,0.0074057896
3665256,0.03476628
3665257,0.002173253
3665258,0.0015549022
3665259,0.0038331135
3665260,0.009131961
3665261,0.004381059
3665262,0.01916052
3665263,0.005946019
3665264,0.005316816
3665265,0.0025445118
3665266,0.0053555635
3665267,0.0071090385
3665268,0.004777489
3665269,0.0025456415
3665270,0.0025813854
3665271,0.0055437307
3665272,0.00040505547
3665273,0.004780172
3665274,0.003218457
3665275,0.020889403
3665276,0.000765432
3665277,0.019881573
3665278,0.002409956
3665279,0.001532342
3665280,0.042948984
3665281,0.0013259124
3665282,0.0057593156
3665283,0.0023469678
3665284,0.0068657966
3665285,0.0008196154
3665286,0.002746722
3665287,0.0018119678
3665288,0.0034568696
3665289,0.01546815
3665290,0.0119018145
3665291,0.0011563447
3665292,0.003434438
3665293,0.004185486
3665294,0.0019935227
3665295,0.0015528736
3665296,0.0051480173
3665297,0.0055288454
3665298,0.016801441
3665299,0.0014955905
3665300,0.004716417
3665301,0.0041202568
3665302,0.0040618735
3665303,0.0010238171
3665304,0.0033713467
3665305,0.015678713
3665306,0.0039651426
3665307,0.0044200546
3665308,0.0061127613
3665309,0.001101598
3665310,0.010047283
3665311,0.0015703338
3665312,0.003152443
3665313,0.0029409023
3665314,0.0020938206
3665315,0.004019093
3665316,0.0015535326
3665317,0.0062277312
3665318,0.025422817
3665319,0.0068190414
3665320,0.009792171
3665321,0.0030271327
3665322,0.0016738614
3665323,0.005287558
3665324,0.002629835
3665325,0.008310456
3665326,0.001275656
3665327,0.0069638775
3665328,0.0237721
3665329,0.0008287462
3665330,0.003675239
3665331,0.00300537
3665332,0.0018281266
3665333,0.0012796079
3665334,0.0006759939
3665335,0.0013368948
3665336,0.013221273
3665337,0.004169047
3665338,0.02891892
3665339,0.04368172
3665340,0.003692546
3665341,0.0010767156
3665342,0.005168513
3665343,0.0009705238
3665344,0.006093313
3665345,0.002881814
3665346,0.0012050857
3665347,0.015544961
3665348,0.008402955
3665349,0.006633159
3665350,0.0048445594
3665351,0.028173385
3665352,0.001412937
3665353,0.023943637
3665354,0.005065352
3665355,0.004824808
3665356,0.012904428
3665357,0.0026723896
3665358,0.012592595
3665359,0.0011121951
3665360,0.0016710445
3665361,0.0052971393
3665362,0.0024591533
3665363,0.011115857
3665364,0.043738823
3665365,0.0022687293
3665366,0.0019414268
3665367,0.40562817
3665368,0.012198648
3665369,0.010772437
3665370,0.36355764
3665371,0.0045263064
3665372,0.0015194439
3665373,0.00096747116
3665374,0.0010792845
3665375,0.001856497
3665376,0.19521467
3665377,0.0009507037
3665378,0.006704276
3665379,0.00039962737
3665380,0.0036662384
3665381,0.009422554
3665382,0.0030080702
3665383,0.0025965504
3665384,0.0065383636
3665385,0.015392151
3665386,0.00094369834
3665387,0.8642676
3665388,0.002335165
3665389,0.002758538
3665390,0.0023352148
3665391,0.0029978228
3665392,0.00093338714
3665393,0.0006063045
3665394,0.003358699
3665395,0.12477826
3665396,0.0060183797
3665397,0.009734468
3665398,0.010299809
3665399,0.0010625381
3665400,0.0014756254
3665401,0.002587402
3665402,0.022453317
3665403,0.004632859
3665404,0.007174511
3665405,0.0013991778
3665406,0.008806937
3665407,0.0015467568
3665408,0.0026647777
3665409,0.0013240415
3665410,0.0035330362
3665411,0.009693313
3665412,0.0023779564
3665413,0.014523066
3665414,0.0012948853
3665415,0.002803756
3665416,0.0017993194
3665417,0.001772767
3665418,0.0062255864
3665419,0.0009775865
3665420,0.024843
3665421,0.0016638094
3665422,0.003514341
3665423,0.0029599017
3665424,0.012452684
3665425,0.0025511126
3665426,0.0016012287
3665427,0.0008762906
3665428,0.003684606
3665429,0.0035136698
3665430,0.0053242724
3665431,0.0016925151
3665432,0.00931883
3665433,0.0024274776
3665434,0.0021778357
3665435,0.010125368
3665436,0.0064054723
3665437,0.0038318392
3665438,0.008806725
3665439,0.011194102
3665440,0.0010956294
3665441,0.014821055
3665442,0.0012063766
3665443,0.0077030174
3665444,0.0058212704
3665445,0.002221897
3665446,0.04567932
3665447,0.009661225
3665448,0.00052404706
3665449,0.0020272136
3665450,0.0024300376
3665451,0.003783687
3665452,0.004666735
3665453,0.0020512366
3665454,0.0011279092
3665455,0.046054773
3665456,0.009691693
3665457,0.0037848984
3665458,0.025753146
3665459,0.0143878935
3665460,0.0018085946
3665461,0.00946856
3665462,0.0027835446
3665463,0.0026570722
3665464,0.0021161302
3665465,0.0064262026
3665466,0.0021444815
3665467,0.0049308655
3665468,0.0038303467
3665469,0.000722677
3665470,0.0052965963
3665471,0.0011907559
3665472,0.003653436
3665473,0.002345788
3665474,0.027124632
3665475,0.0012300055
3665476,0.0041897157
3665477,0.005086237
3665478,0.00081640936
3665479,0.013857281
3665480,0.0030160001
3665481,0.0005600792
3665482,0.002689915
3665483,0.0044379155
3665484,0.00092787377
3665485,0.0032770124
3665486,0.002212404
3665487,0.0023156009
3665488,0.010879479
3665489,0.004183543
3665490,0.005772318
3665491,0.0010182244
3665492,0.0019800663
3665493,0.0107936915
3665494,0.00400384
3665495,0.00339597
3665496,0.0031875204
3665497,0.0020791178
3665498,0.0011149208
3665499,0.0033026545
3665500,0.002216838
3665501,0.0028854595
3665502,0.01041646
3665503,0.0031931826
3665504,0.0017193543
3665505,0.006951573
3665506,0.0016397419
3665507,0.004241394
3665508,0.01786354
3665509,0.005561213
3665510,0.0013626997
3665511,0.008236873
3665512,0.0023652788
3665513,0.0017198159
3665514,0.010988953
3665515,0.045184
3665516,0.0007291079
3665517,0.0030411906
3665518,0.004124317
3665519,0.0039090225
3665520,0.003013777
3665521,0.0071402127
3665522,0.0036496627
3665523,0.0036141737
3665524,0.054984115
3665525,0.0029016412
3665526,0.002542661
3665527,0.0037091344
3665528,0.0031586436
3665529,0.005190991
3665530,0.0016956459
3665531,0.003105003
3665532,0.008078971
3665533,0.0040117735
3665534,0.019557806
3665535,0.0137379
3665536,0.0007754982
3665537,0.011671296
3665538,0.00072344835
3665539,0.16761136
3665540,0.024778185
3665541,0.003962562
3665542,0.0061218357
3665543,0.00081027154
3665544,0.0028891044
3665545,0.0012916869
3665546,0.018702492
3665547,0.0013626997
3665548,0.0041951383
3665549,0.004007323
3665550,0.03280277
3665551,0.0018664224
3665552,0.0128327105
3665553,0.0009592491
3665554,0.089032814
3665555,0.014434198
3665556,0.0059468304
3665557,0.001434717
3665558,0.0038735026
3665559,0.006918932
3665560,0.0022587907
3665561,0.0053543802
3665562,0.06693088
3665563,0.007539555
3665564,0.0150428265
3665565,0.0037181568
3665566,0.005750677
3665567,0.0007955893
3665568,0.0013645699
3665569,0.0039470526
3665570,0.0012649815
3665571,0.008644439
3665572,0.0024441946
3665573,0.0013982946
3665574,0.005949371
3665575,0.00745766
3665576,0.0023278832
3665577,0.0051142485
3665578,0.0034847916
3665579,0.0016766702
3665580,0.0062597618
3665581,0.000821031
3665582,0.063567005
3665583,0.0015556404
3665584,0.0036979811
3665585,0.0021654777
3665586,0.0025566588
3665587,0.00079886505
3665588,0.012034596
3665589,0.003558349
3665590,0.005267072
3665591,0.0030451398
3665592,0.002894135
3665593,0.054932386
3665594,0.003699364
3665595,0.0016461264
3665596,0.0037233746
3665597,0.0023632352
3665598,0.0034985892
3665599,0.0018228474
3665600,0.002409587
3665601,0.0017590114
3665602,0.0067713447
3665603,0.063567005
3665604,0.00565471
3665605,0.001588719
3665606,0.0047502555
3665607,0.0041492693
3665608,0.0018658263
3665609,0.012762072
3665610,0.0009021243
3665611,0.008942607
3665612,0.0030329044
3665613,0.0005143309
3665614,0.008462966
3665615,0.0061325966
3665616,0.0048445594
3665617,0.006229771
3665618,0.0011961506
3665619,0.002991025
3665620,0.008132025
3665621,0.002776211
3665622,0.06009482
3665623,0.014896634
3665624,0.0039497153
3665625,0.004614353
3665626,0.007678901
3665627,0.0043879515
3665628,0.0013220564
3665629,0.009352059
3665630,0.0019071013
3665631,0.0062005986
3665632,0.0030856146
3665633,0.0075270208
3665634,0.004819856
3665635,0.002114855
3665636,0.0029210644
3665637,0.087644696
3665638,0.0006663485
3665639,0.005344356
3665640,0.022845414
3665641,0.012981508
3665642,0.10085379
3665643,0.0060828766
3665644,0.007851282
3665645,0.063567005
3665646,0.0009952214
3665647,0.002643407
3665648,0.0024606006
3665649,0.001859238
3665650,0.0004968878
3665651,0.00455302
3665652,0.001793809
3665653,0.01730204
3665654,0.0011930509
3665655,0.07914076
3665656,0.0013977673
3665657,0.001336854
3665658,0.0040930603
3665659,0.0011382733
3665660,0.0021329448
3665661,0.0076185563
3665662,0.0105106365
3665663,0.011159831
3665664,0.0022976866
3665665,0.0061628963
3665666,0.0015869515
3665667,0.00034623247
3665668,0.044806205
3665669,0.0017002287
3665670,0.002591057
3665671,0.0019000346
3665672,0.004709199
3665673,0.0015427279
3665674,0.0023538657
3665675,0.0045261257
3665676,0.00093118916
3665677,0.25928757
3665678,0.0026209648
3665679,0.01171521
3665680,0.0058386903
3665681,0.00036322718
3665682,0.0031078618
3665683,0.0015077213
3665684,0.34535763
3665685,0.027272638
3665686,0.0025856884
3665687,0.009114774
3665688,0.0026975127
3665689,0.005668139
3665690,0.0038971768
3665691,0.003633828
3665692,0.0021667897
3665693,0.07991515
3665694,0.008779325
3665695,0.00940778
3665696,0.0053615132
3665697,0.0034531609
3665698,0.0040519875
3665699,0.0031350802
3665700,0.00073803985
3665701,0.009707339
3665702,0.0074383677
3665703,0.0046246843
3665704,0.00078614487
3665705,0.00408551
3665706,0.0041857087
3665707,0.002478921
3665708,0.0076931682
3665709,0.0032986028
3665710,0.0009911172
3665711,0.0010846535
3665712,0.0031776284
3665713,0.0026401358
3665714,0.001429088
3665715,0.009063676
3665716,0.013540521
3665717,0.0011208176
3665718,0.0029955092
3665719,0.0007185216
3665720,0.0034432083
3665721,0.0016623994
3665722,0.016138995
3665723,0.012686816
3665724,0.0038540708
3665725,0.006953416
3665726,0.00061297923
3665727,0.012793826
3665728,0.0017244263
3665729,0.00063260394
3665730,0.0012259919
3665731,0.004064878
3665732,0.0017312997
3665733,0.0013850895
3665734,0.0021627026
3665735,0.018454827
3665736,0.010245511
3665737,0.0013615043
3665738,0.012327424
3665739,0.0046994295
3665740,0.0075154626
3665741,0.001059751
3665742,0.012624634
3665743,0.002768695
3665744,0.0045241457
3665745,0.011059548
3665746,0.10380762
3665747,0.0065400708
3665748,0.0028114268
3665749,0.028130824
3665750,0.012140266
3665751,0.0017884166
3665752,0.014639499
3665753,0.0076888483
3665754,0.018844668
3665755,0.0025137987
3665756,0.01688215
3665757,0.0031133196
3665758,0.022825131
3665759,0.0021214131
3665760,0.027715065
3665761,0.0019440795
3665762,0.0029801526
3665763,0.019457936
3665764,0.014934376
3665765,0.08671976
3665766,0.009740514
3665767,0.026695564
3665768,0.0020395003
3665769,0.008248365
3665770,0.005420634
3665771,0.011167326
3665772,0.013763042
3665773,0.0017814499
3665774,0.0059196437
3665775,0.00038823948
3665776,0.012546386
3665777,0.00439858
3665778,0.0040968116
3665779,0.1426533
3665780,0.011047273
3665781,0.0042396723
3665782,0.0005432529
3665783,0.009037934
3665784,0.0033833764
3665785,0.0032963115
3665786,0.001455072
3665787,0.0017909486
3665788,0.0035311533
3665789,0.0014140328
3665790,0.0013260059
3665791,0.002860436
3665792,0.0047408533
3665793,0.0024603186
3665794,0.0032294272
3665795,0.0012302558
3665796,0.006402705
3665797,0.020162221
3665798,0.014651292
3665799,0.023888625
3665800,0.0020963985
3665801,0.0016190853
3665802,0.004656283
3665803,0.0025367988
3665804,0.028600506
3665805,0.011367928
3665806,0.0016653142
3665807,0.003482072
3665808,0.001779528
3665809,0.0022090015
3665810,0.00069415197
3665811,0.0028475758
3665812,0.009137644
3665813,0.003662682
3665814,0.006600812
3665815,0.0048937886
3665816,0.0012294499
3665817,0.0037946037
3665818,0.002224481
3665819,0.00044717538
3665820,0.006194569
3665821,0.015169261
3665822,0.002766413
3665823,0.0015488585
3665824,0.003147743
3665825,0.0007541965
3665826,0.015150289
3665827,0.0060806484
3665828,0.0059689065
3665829,0.004003045
3665830,0.0060888124
3665831,0.00690578
3665832,0.0062606344
3665833,0.013900216
3665834,0.01420207
3665835,0.000980259
3665836,0.0011414993
3665837,0.06514933
3665838,0.01567931
3665839,0.004640139
3665840,0.0032255996
3665841,0.004813308
3665842,0.051704764
3665843,0.0016997042
3665844,0.0034810249
3665845,0.003646082
3665846,0.0077960384
3665847,0.0043510785
3665848,0.0024758126
3665849,0.006158488
3665850,0.004043971
3665851,0.010057106
3665852,0.01896359
3665853,0.0025543508
3665854,0.003076987
3665855,0.00092547486
3665856,0.01575509
3665857,0.02873173
3665858,0.019724326
3665859,0.0019841033
3665860,0.0050842925
3665861,0.12806728
3665862,0.0021654777
3665863,0.0048764334
3665864,0.056224555
3665865,0.001736359
3665866,0.0082924105
3665867,0.0008805878
3665868,0.003200455
3665869,0.00068867207
3665870,0.027595645
3665871,0.012644616
3665872,0.0055792904
3665873,0.009748166
3665874,0.00065722724
3665875,0.00514114
3665876,0.004709159
3665877,0.0032566525
3665878,0.0011846658
3665879,0.011819139
3665880,0.002742092
3665881,0.006736102
3665882,0.008407661
3665883,0.002653708
3665884,0.0037911313
3665885,0.0064904247
3665886,0.0010756636
3665887,0.004408805
3665888,0.0059282025
3665889,0.0009975401
3665890,0.0069403267
3665891,0.0065264404
3665892,0.0029637993
3665893,0.02908881
3665894,0.0034202307
3665895,0.0061090398
3665896,0.0009821628
3665897,0.00058727624
3665898,0.008025755
3665899,0.0051197247
3665900,0.001273386
3665901,0.0123877395
3665902,0.01705306
3665903,0.007927914
3665904,0.02779199
3665905,0.00055693864
3665906,0.0013214924
3665907,0.0038762987
3665908,0.0011559916
3665909,0.010922894
3665910,0.009670833
3665911,0.0020337629
3665912,0.0041924063
3665913,0.0030250007
3665914,0.0040263543
3665915,0.003991247
3665916,0.015889397
3665917,0.0013795623
3665918,0.02025303
3665919,0.013113635
3665920,0.0038610757
3665921,0.0014582402
3665922,0.0038006867
3665923,0.003990775
3665924,0.012634922
3665925,0.0007386643
3665926,0.019078445
3665927,0.12041442
3665928,0.004687054
3665929,0.0010627401
3665930,0.0043056756
3665931,0.08194409
3665932,0.16406631
3665933,0.005037681
3665934,0.0078071523
3665935,0.0026019043
3665936,0.0031723254
3665937,0.0090033095
3665938,0.0018299739
3665939,0.01854393
3665940,0.0049337368
3665941,0.00189198
3665942,0.0004527112
3665943,0.0024196578
3665944,0.021180594
3665945,0.0011330897
3665946,0.0013442393
3665947,0.0041197757
3665948,0.008572175
3665949,0.00078215613
3665950,0.0006636262
3665951,0.0036013813
3665952,0.036723383
3665953,0.003033408
3665954,0.001618972
3665955,0.009625621
3665956,0.0061336956
3665957,0.0010511145
3665958,0.002019549
3665959,0.008099945
3665960,0.024778247
3665961,0.003285268
3665962,0.006484475
3665963,0.002873383
3665964,0.07127538
3665965,0.005572979
3665966,0.002217743
3665967,0.003576273
3665968,0.00301374
3665969,0.00090781
3665970,0.01256492
3665971,0.008324686
3665972,0.0076061506
3665973,0.010013206
3665974,0.0031802277
3665975,0.043780353
3665976,0.00331181
3665977,0.014622621
3665978,0.00048249637
3665979,0.0054684654
3665980,0.010032421
3665981,0.003472609
3665982,0.0022859701
3665983,0.0026752977
3665984,0.0031717794
3665985,0.005087574
3665986,0.033538636
3665987,0.004583405
3665988,0.0059262975
3665989,0.0033631423
3665990,0.006400494
3665991,0.0043784273
3665992,0.032309793
3665993,0.0020634956
3665994,0.022302732
3665995,0.004998735
3665996,0.09372046
3665997,0.00053281226
3665998,0.00103786
3665999,0.0015997713
3666000,0.002714269
3666001,0.0060822912
3666002,0.0011037162
3666003,0.0023602827
3666004,0.0027527513
3666005,0.0081601655
3666006,0.0020672027
3666007,0.046714924
3666008,0.0019640042
3666009,0.0011577262
3666010,0.0050387424
3666011,0.0031728502
3666012,0.10493469
3666013,0.005509363
3666014,0.008174055
3666015,0.001853863
3666016,0.005895245
3666017,0.057527628
3666018,0.008123679
3666019,0.114772074
3666020,0.0004637049
3666021,0.0027519828
3666022,0.0032309133
3666023,0.0005702445
3666024,0.0012213367
3666025,0.005259263
3666026,0.0020560876
3666027,0.0022394345
3666028,0.019502427
3666029,0.011769227
3666030,0.016551694
3666031,0.0011604229
3666032,0.048502184
3666033,0.0010173018
3666034,0.0027671102
3666035,0.0048610377
3666036,0.0014157203
3666037,0.0009151406
3666038,0.0034890913
3666039,0.0015797602
3666040,0.0061001033
3666041,0.0033115707
3666042,0.0009393848
3666043,0.00079455815
3666044,0.00060712156
3666045,0.0013208614
3666046,0.003229751
3666047,0.0014306668
3666048,0.011504667
3666049,0.0036726363
3666050,0.004429463
3666051,0.013615147
3666052,0.0014324533
3666053,0.00088012934
3666054,0.008450976
3666055,0.016477833
3666056,0.0058781113
3666057,0.0033571734
3666058,0.0031962697
3666059,0.004730228
3666060,0.005365777
3666061,0.0018365041
3666062,0.0014140328
3666063,0.00038333476
3666064,0.0071261637
3666065,0.11420271
3666066,0.0023489057
3666067,0.0015031928
3666068,0.010325974
3666069,0.019989153
3666070,0.0047634826
3666071,0.0011201724
3666072,0.007930495
3666073,0.00049176073
3666074,0.0022810684
3666075,0.012239834
3666076,0.010558437
3666077,0.024361145
3666078,0.0029801526
3666079,0.12771957
3666080,0.006830269
3666081,0.0039272998
3666082,0.00092076487
3666083,0.25802347
3666084,0.0041385544
3666085,0.010300281
3666086,0.0040632915
3666087,0.012458456
3666088,0.0044746334
3666089,0.0036626037
3666090,0.014801497
3666091,0.003415584
3666092,0.01509247
3666093,0.0070018726
3666094,0.0011011501
3666095,0.00029975778
3666096,0.0033319248
3666097,0.0028419783
3666098,0.0031930204
3666099,0.0016328729
3666100,0.0026928165
3666101,0.0019633258
3666102,0.0025975916
3666103,0.0034036539
3666104,0.002158194
3666105,0.0017617412
3666106,0.000522606
3666107,0.0004985993
3666108,0.028312277
3666109,0.0020044937
3666110,0.00361511
3666111,0.015092633
3666112,0.014698434
3666113,0.004056819
3666114,0.0020024793
3666115,0.00083550095
3666116,0.0008519681
3666117,0.0030922778
3666118,0.0036336866
3666119,0.0033191624
3666120,0.0025694184
3666121,0.018903479
3666122,0.026472557
3666123,0.002670503
3666124,0.0016022514
3666125,0.004981005
3666126,0.00054125016
3666127,0.0076795476
3666128,0.013422027
3666129,0.0006537701
3666130,0.0019430936
3666131,0.0012015994
3666132,0.0025808783
3666133,0.0038119329
3666134,0.006948245
3666135,0.00037780628
3666136,0.009862518
3666137,0.0013438443
3666138,0.0025126643
3666139,0.0013183319
3666140,0.0010213908
3666141,0.0032943443
3666142,0.0094796
3666143,0.015116701
3666144,0.0058379895
3666145,0.0005940025
3666146,0.0009638021
3666147,0.030286307
3666148,0.001797148
3666149,0.0048457175
3666150,0.001556408
3666151,0.005382109
3666152,0.0015422638
3666153,0.0020586788
3666154,0.0024150559
3666155,0.002330486
3666156,0.0006509502
3666157,0.03852183
3666158,0.00027092878
3666159,0.0054514282
3666160,0.0006280015
3666161,0.0036750312
3666162,0.009215624
3666163,0.0042435857
3666164,0.00460894
3666165,0.06601628
3666166,0.0019382659
3666167,0.007717453
3666168,0.007560443
3666169,0.0042054974
3666170,0.0020421671
3666171,0.0048298314
3666172,0.0043418026
3666173,0.00345386
3666174,0.043188084
3666175,0.0141701875
3666176,0.0036298973
3666177,0.0013715958
3666178,0.0024518277
3666179,0.0027276326
3666180,0.0003571056
3666181,0.0076089506
3666182,0.010098806
3666183,0.00073515513
3666184,0.011968702
3666185,0.0031183404
3666186,0.0022311956
3666187,0.012948203
3666188,0.0009384415
3666189,0.0105803525
3666190,0.004666737
3666191,0.0040813
3666192,0.017120523
3666193,0.00626002
3666194,0.0064836484
3666195,0.0028891044
3666196,0.0006446372
3666197,0.0044002966
3666198,0.0005897004
3666199,0.0036397718
3666200,0.009503391
3666201,0.0016722081
3666202,0.00416829
3666203,0.0031635992
3666204,0.0047890632
3666205,0.0032768145
3666206,0.00896006
3666207,0.0015321962
3666208,0.0031315207
3666209,0.0006630677
3666210,0.0248338
3666211,0.008434664
3666212,0.057493772
3666213,0.003858905
3666214,0.006443531
3666215,0.0019606536
3666216,0.0022127368
3666217,0.0075534303
3666218,0.012833707
3666219,0.0010779758
3666220,0.0047848835
3666221,0.002689622
3666222,0.0016787929
3666223,0.003856512
3666224,0.042035207
3666225,0.0017434285
3666226,0.010589692
3666227,0.001678928
3666228,0.0018759649
3666229,0.0008681758
3666230,0.006744807
3666231,0.000772345
3666232,0.010807065
3666233,0.0010031984
3666234,0.010535427
3666235,0.0103122415
3666236,0.004419767
3666237,0.005062503
3666238,0.010480686
3666239,0.0011988853
3666240,0.002132696
3666241,0.0031261873
3666242,0.008040863
3666243,0.006263907
3666244,0.003915902
3666245,0.02630097
3666246,0.001519504
3666247,0.010109361
3666248,0.0013394138
3666249,0.001678137
3666250,0.0012734988
3666251,0.026704665
3666252,0.019770328
3666253,0.032561276
3666254,0.002300515
3666255,0.0012851598
3666256,0.07240327
3666257,0.003476124
3666258,0.009488648
3666259,0.0048233615
3666260,0.004331453
3666261,0.018414818
3666262,0.0039221714
3666263,0.005851342
3666264,0.07452422
3666265,0.11494073
3666266,0.0035392544
3666267,0.005219242
3666268,0.06021111
3666269,0.0029456683
3666270,0.121127635
3666271,0.006485058
3666272,0.012733955
3666273,0.0010518798
3666274,0.0032884532
3666275,0.0018342503
3666276,0.0006336385
3666277,0.006688592
3666278,0.01806648
3666279,0.0010796799
3666280,0.04723349
3666281,0.025018552
3666282,0.001748479
3666283,0.0016094684
3666284,0.0021957231
3666285,0.008473504
3666286,0.17094378
3666287,0.012893767
3666288,0.0026868377
3666289,0.0025520956
3666290,0.022552093
3666291,0.010414215
3666292,0.0008443628
3666293,0.00424391
3666294,0.0029617683
3666295,0.006203861
3666296,0.002019702
3666297,0.0018228474
3666298,0.007935715
3666299,0.0018985495
3666300,0.015861558
3666301,0.24769033
3666302,0.0025415136
3666303,0.002171528
3666304,0.0020052753
3666305,0.52436364
3666306,0.0030795436
3666307,0.001932055
3666308,0.0069966363
3666309,0.6798091
3666310,0.035845675
3666311,0.0050434778
3666312,0.001251346
3666313,0.09972735
3666314,0.6080305
3666315,0.005074025
3666316,0.0016678117
3666317,0.0015965034
3666318,0.008959616
3666319,0.0033481028
3666320,0.0026204363
3666321,0.0013454183
3666322,0.001515852
3666323,0.01039389
3666324,0.006845703
3666325,0.0055184416
3666326,0.0047957404
3666327,0.09522947
3666328,0.034477286
3666329,0.003765405
3666330,0.0026354964
3666331,0.0047568427
3666332,0.001257625
3666333,0.0023810181
3666334,0.005757524
3666335,0.0028192687
3666336,0.006581424
3666337,0.0029801526
3666338,0.0010475437
3666339,0.013032065
3666340,0.0024679515
3666341,0.002666493
3666342,0.013273825
3666343,0.0020410954
3666344,0.003037961
3666345,0.07991515
3666346,0.004860113
3666347,0.0025028477
3666348,0.0023660925
3666349,0.001834377
3666350,0.0029843408
3666351,0.010953577
3666352,0.0010011705
3666353,0.0010640053
3666354,0.0035443334
3666355,0.010475836
3666356,0.0017996072
3666357,0.009349321
3666358,0.008727953
3666359,0.003522004
3666360,0.0019260013
3666361,0.0017960721
3666362,0.020993574
3666363,0.0016996671
3666364,0.0024549272
3666365,0.0031038136
3666366,0.018362392
3666367,0.007648458
3666368,0.0004166408
3666369,0.006887997
3666370,0.0085486015
3666371,0.025773058
3666372,0.020953791
3666373,0.010129398
3666374,0.0009580763
3666375,0.0025054251
3666376,0.0031320073
3666377,0.018112468
3666378,0.00068204285
3666379,0.0024247195
3666380,0.0035460284
3666381,0.012118868
3666382,0.0007272741
3666383,0.0035994193
3666384,0.0062728
3666385,0.0042207073
3666386,0.004125627
3666387,0.005232588
3666388,0.007188797
3666389,0.0029761104
3666390,0.004512827
3666391,0.003597101
3666392,0.035834003
3666393,0.0002011071
3666394,0.19893926
3666395,0.0006175652
3666396,0.44564748
3666397,0.6468832
3666398,0.002998021
3666399,0.046801142
3666400,0.0059045325
3666401,0.24534485
3666402,0.0035329973
3666403,0.0025241794
3666404,0.0026317565
3666405,0.10131718
3666406,0.00027655286
3666407,0.0013893619
3666408,0.005591391
3666409,0.0012687553
3666410,0.001077615
3666411,0.0014606974
3666412,0.0007830697
3666413,0.0014350653
3666414,0.005277087
3666415,0.017824546
3666416,0.21146187
3666417,0.0022784502
3666418,0.00095419615
3666419,0.01101648
3666420,0.000608757
3666421,0.0010554076
3666422,0.0034596468
3666423,0.025807783
3666424,0.0028645722
3666425,0.013596238
3666426,0.0014443857
3666427,0.002785703
3666428,0.05337382
3666429,0.0052807755
3666430,0.004059079
3666431,0.007956005
3666432,0.0006316482
3666433,0.0040813657
3666434,0.059206016
3666435,0.0018570836
3666436,0.000523573
3666437,0.00048698805
3666438,0.0009662786
3666439,0.0736929
3666440,0.0008416641
3666441,0.0018817113
3666442,0.000681462
3666443,0.0015296763
3666444,0.004469689
3666445,0.0037206109
3666446,0.0030732318
3666447,0.0065385993
3666448,0.0040367106
3666449,0.0019216622
3666450,0.0065186163
3666451,0.0043705706
3666452,0.0019521688
3666453,0.0007518923
3666454,0.017699037
3666455,0.0063787093
3666456,0.0131956665
3666457,0.0032652277
3666458,0.017562093
3666459,0.013852322
3666460,0.004433094
3666461,0.018247792
3666462,0.006125414
3666463,0.0019488123
3666464,0.0037532486
3666465,0.01995679
3666466,0.0026096
3666467,0.011685198
3666468,0.0075463695
3666469,0.023634546
3666470,0.016477833
3666471,0.022827016
3666472,0.022827016
3666473,0.013269416
3666474,0.0047949147
3666475,0.00938807
3666476,0.016012745
3666477,0.0016369934
3666478,0.0018675652
3666479,0.0022557364
3666480,0.0016020286
3666481,0.05977702
3666482,0.012732847
3666483,0.00990806
3666484,0.05416909
3666485,0.0025820043
3666486,0.036672834
3666487,0.024598416
3666488,0.012072351
3666489,0.47514892
3666490,0.71520704
3666491,0.7225603
3666492,0.520765
3666493,0.002550961
3666494,0.0058711525
3666495,0.0044530933
3666496,0.0022401144
3666497,0.0044508427
3666498,0.0047331313
3666499,0.0089063905
3666500,0.0037280135
3666501,0.00609975
3666502,0.077601425
3666503,0.001080218
3666504,0.01615705
3666505,0.0017315322
3666506,0.0023378213
3666507,0.0006284108
3666508,0.07059222
3666509,0.0037349178
3666510,0.005516149
3666511,0.030078087
3666512,0.00092137256
3666513,0.0061788755
3666514,0.0011621957
3666515,0.0022019236
3666516,0.004950259
3666517,0.0030068664
3666518,0.0067882924
3666519,0.006452567
3666520,0.0007830947
3666521,0.010467728
3666522,0.0022763351
3666523,0.0059282025
3666524,0.010163348
3666525,0.0008838194
3666526,0.0041215173
3666527,0.0029552982
3666528,0.0011690886
3666529,0.0006522226
3666530,0.012243893
3666531,0.017237768
3666532,0.0012601352
3666533,0.004798215
3666534,0.0037087041
3666535,0.0047594714
3666536,0.0008657273
3666537,0.010343668
3666538,0.008296219
3666539,0.006406944
3666540,0.0104895765
3666541,0.0076869493
3666542,0.0690047
3666543,0.0049166307
3666544,0.0024175316
3666545,0.0026022643
3666546,0.0015188197
3666547,0.044429306
3666548,0.046131205
3666549,0.0018467876
3666550,0.03092544
3666551,0.0006441815
3666552,0.031008009
3666553,0.00062032684
3666554,0.026565474
3666555,0.0058911745
3666556,0.008348259
3666557,0.022745484
3666558,0.0045120283
3666559,0.015375732
3666560,0.0014349574
3666561,0.0044104797
3666562,0.0036312253
3666563,0.013232593
3666564,0.001151149
3666565,0.0129402885
3666566,0.009018848
3666567,0.001264104
3666568,0.014598869
3666569,0.0013709102
3666570,0.004133878
3666571,0.009369937
3666572,0.0021798892
3666573,0.007922002
3666574,0.037843954
3666575,0.009625471
3666576,0.0019255513
3666577,0.013750447
3666578,0.00049354526
3666579,0.0023260799
3666580,0.014082377
3666581,0.0057901307
3666582,0.014082377
3666583,0.004278893
3666584,0.012700087
3666585,0.00032807438
3666586,0.006692005
3666587,0.035588935
3666588,0.0011355863
3666589,0.0017376951
3666590,0.017410569
3666591,0.014700746
3666592,0.014650695
3666593,0.059041016
3666594,0.005764795
3666595,0.0026354964
3666596,0.00175366
3666597,0.009468623
3666598,0.0013208004
3666599,0.02577393
3666600,0.0061909887
3666601,0.0034852156
3666602,0.0039151376
3666603,0.026974767
3666604,0.0024240378
3666605,0.0018590993
3666606,0.0050012525
3666607,0.006476044
3666608,0.0073592253
3666609,0.0013426406
3666610,0.0044325087
3666611,0.044524916
3666612,0.009003906
3666613,0.0027643603
3666614,0.17936628
3666615,0.0014324677
3666616,0.0012620919
3666617,0.017320357
3666618,0.007382604
3666619,0.0015801009
3666620,0.0007013829
3666621,0.021490214
3666622,0.0021463854
3666623,0.007724069
3666624,0.004830403
3666625,0.0038606965
3666626,0.001982984
3666627,0.0086441655
3666628,0.009987044
3666629,0.005861308
3666630,0.05071652
3666631,0.0023623798
3666632,0.0029210085
3666633,0.0011431811
3666634,0.0015255343
3666635,0.0055323127
3666636,0.007217741
3666637,0.0073795645
3666638,0.0019191918
3666639,0.0032931499
3666640,0.0025054347
3666641,0.0032908719
3666642,0.05790348
3666643,0.00049530243
3666644,0.0024050714
3666645,0.019537723
3666646,0.001523864
3666647,0.005854166
3666648,0.0055820607
3666649,0.012668898
3666650,0.0016069792
3666651,0.07387935
3666652,0.002211537
3666653,0.0014391334
3666654,0.0011117714
3666655,0.006067673
3666656,0.005218425
3666657,0.0067260913
3666658,0.0017702105
3666659,0.036434926
3666660,0.0023226563
3666661,0.0212834
3666662,0.005570823
3666663,0.0016107952
3666664,0.0006909951
3666665,0.00054204365
3666666,0.0011368905
3666667,0.002022187
3666668,0.0032526276
3666669,0.012815995
3666670,0.0065326947
3666671,0.0719901
3666672,0.0016726714
3666673,0.0014047828
3666674,0.0057016267
3666675,0.0031582892
3666676,0.0011526407
3666677,0.003289979
3666678,0.0019922082
3666679,0.014035633
3666680,0.0046120603
3666681,0.0036065748
3666682,0.0054514282
3666683,0.0013534513
3666684,0.0065176073
3666685,0.0045818845
3666686,0.0018959788
3666687,0.004883378
3666688,0.014067469
3666689,0.00063000416
3666690,0.0028329876
3666691,0.0013101982
3666692,0.0038107142
3666693,0.003078178
3666694,0.0015593688
3666695,0.0015350956
3666696,0.0040551987
3666697,0.002936814
3666698,0.005819165
3666699,0.0031166687
3666700,0.0111252805
3666701,0.0007674632
3666702,0.0024396935
3666703,0.015177641
3666704,0.007134313
3666705,0.012896097
3666706,0.0025125365
3666707,0.03150824
3666708,0.024336252
3666709,0.027296536
3666710,0.021647662
3666711,0.02322948
3666712,0.0040431665
3666713,0.0036384924
3666714,0.0130701205
3666715,0.0027456172
3666716,0.012799246
3666717,0.005357835
3666718,0.0008038132
3666719,0.0017479556
3666720,0.0017389528
3666721,0.006894315
3666722,0.000515588
3666723,0.0031683983
3666724,0.0007235004
3666725,0.0134788165
3666726,0.0029891816
3666727,0.0028546115
3666728,0.0031269896
3666729,0.0013939841
3666730,0.0010400544
3666731,0.0011726393
3666732,0.047090072
3666733,0.0020164829
3666734,0.0029291082
3666735,0.0020750544
3666736,0.0048943087
3666737,0.0021803011
3666738,0.005402555
3666739,0.0014709599
3666740,0.0018030737
3666741,0.001539268
3666742,0.0020497327
3666743,0.008356545
3666744,0.018619414
3666745,0.003973851
3666746,0.013800471
3666747,0.0044153654
3666748,0.0048698015
3666749,0.0052718883
3666750,0.008259032
3666751,0.021259265
3666752,0.05661436
3666753,0.00055040227
3666754,0.011847441
3666755,0.014097313
3666756,0.002580142
3666757,0.0015877708
3666758,0.0015756493
3666759,0.014791501
3666760,0.003320991
3666761,0.008697848
3666762,0.0041425047
3666763,0.0019876417
3666764,0.010061939
3666765,0.0022751766
3666766,0.01565984
3666767,0.0018808043
3666768,0.0014554891
3666769,0.012466977
3666770,0.0025014945
3666771,0.0112245595
3666772,0.0028803523
3666773,0.0023011917
3666774,0.026019514
3666775,0.0019398865
3666776,0.0027311395
3666777,0.0069493474
3666778,0.0015516321
3666779,0.0112245595
3666780,0.005315782
3666781,0.0009642609
3666782,0.0008677478
3666783,0.0018570836
3666784,0.0013526935
3666785,0.0027963612
3666786,0.007272328
3666787,0.0077490225
3666788,0.0013197183
3666789,0.026062077
3666790,0.010548613
3666791,0.028837489
3666792,0.0020348586
3666793,0.014603184
3666794,0.001188108
3666795,0.0013034745
3666796,0.002152742
3666797,0.0023601467
3666798,0.0052143224
3666799,0.002682965
3666800,0.0010950383
3666801,0.0033339933
3666802,0.0014296093
3666803,0.0009326507
3666804,0.017538497
3666805,0.007955768
3666806,0.005593133
3666807,0.00288268
3666808,0.002119117
3666809,0.0027010734
3666810,0.027388135
3666811,0.0043056756
3666812,0.0022212828
3666813,0.0261986
3666814,0.012458503
3666815,0.0021792785
3666816,0.0064752745
3666817,0.0021392645
3666818,0.003857767
3666819,0.005819165
3666820,0.017243238
3666821,0.0010200089
3666822,0.0081357565
3666823,0.0028439697
3666824,0.018588543
3666825,0.0011189785
3666826,0.011282817
3666827,0.002764171
3666828,0.0018317323
3666829,0.0051355236
3666830,0.0051401523
3666831,0.0031634942
3666832,0.002734252
3666833,0.001637136
3666834,0.010643564
3666835,0.0067154085
3666836,0.0010224112
3666837,0.00073845737
3666838,0.028123539
3666839,0.0020761518
3666840,0.0038908694
3666841,0.005116595
3666842,0.042347047
3666843,0.0019955803
3666844,0.0009046221
3666845,0.0016282697
3666846,0.010311472
3666847,0.0055523333
3666848,0.0017467204
3666849,0.0019943567
3666850,0.007903739
3666851,0.0032827754
3666852,0.009787415
3666853,0.0067463443
3666854,0.0061296565
3666855,0.0015941573
3666856,0.0019950164
3666857,0.012752511
3666858,0.004296225
3666859,0.016820854
3666860,0.00055260054
3666861,0.0009503886
3666862,0.00085186865
3666863,0.0112245595
3666864,0.0064635696
3666865,0.0054781055
3666866,0.028994964
3666867,0.0032206515
3666868,0.0050728647
3666869,0.002298988
3666870,0.011227815
3666871,0.006113303
3666872,0.0023971265
3666873,0.0021767488
3666874,0.0036282924
3666875,0.003899789
3666876,0.003911937
3666877,0.0033933127
3666878,0.003169805
3666879,0.0023306534
3666880,0.004936362
3666881,0.003915601
3666882,0.003146751
3666883,0.002315102
3666884,0.0028317017
3666885,0.007131297
3666886,0.0045003616
3666887,0.008347556
3666888,0.04946061
3666889,0.004320969
3666890,0.0059886947
3666891,0.0014011774
3666892,0.0029347995
3666893,0.006587827
3666894,0.009125361
3666895,0.02350265
3666896,0.041053984
3666897,0.0017800006
3666898,0.0029387274
3666899,0.023581117
3666900,0.0006287445
3666901,0.0023006026
3666902,0.0030166213
3666903,0.004964308
3666904,0.0025861755
3666905,0.0010606908
3666906,0.00077499653
3666907,0.015090492
3666908,0.0072712507
3666909,0.005276809
3666910,0.0034464935
3666911,0.0040054834
3666912,0.004574051
3666913,0.002698317
3666914,0.009415942
3666915,0.0070383153
3666916,0.0041200183
3666917,0.0021773032
3666918,0.017183898
3666919,0.0058829254
3666920,0.016171115
3666921,0.006179361
3666922,0.01804216
3666923,0.0035662516
3666924,0.003714112
3666925,0.0071587884
3666926,0.0034880736
3666927,0.0032525996
3666928,0.0054707373
3666929,0.0010154848
3666930,0.0035012385
3666931,0.006880805
3666932,0.001490138
3666933,0.004586713
3666934,0.0011127372
3666935,0.008522199
3666936,0.003829681
3666937,0.007598257
3666938,0.034646116
3666939,0.008272959
3666940,0.0018260604
3666941,0.0011973098
3666942,0.028429057
3666943,0.010106059
3666944,0.004745411
3666945,0.0041160486
3666946,0.0013170287
3666947,0.008798167
3666948,0.0009222579
3666949,0.005318485
3666950,0.021620078
3666951,0.0027232443
3666952,0.0017110573
3666953,0.004065457
3666954,0.0018793206
3666955,0.003112069
3666956,0.009017611
3666957,0.004119623
3666958,0.0039649582
3666959,0.034948844
3666960,0.000946635
3666961,0.0071301055
3666962,0.00060151884
3666963,0.0245719
3666964,0.0052558617
3666965,0.0055420613
3666966,0.00407662
3666967,0.017850067
3666968,0.0013611886
3666969,0.0014028196
3666970,0.021854661
3666971,0.0059719114
3666972,0.00073181925
3666973,0.0037884512
3666974,0.009707046
3666975,0.016353354
3666976,0.00465996
3666977,0.0029688678
3666978,0.0020912695
3666979,0.0033865373
3666980,0.0029842572
3666981,0.0068281894
3666982,0.0022682834
3666983,0.0006216031
3666984,0.0012775547
3666985,0.008501161
3666986,0.0049017738
3666987,0.0074345274
3666988,0.0027391983
3666989,0.0015855401
3666990,0.017483933
3666991,0.0048457175
3666992,0.00918472
3666993,0.013721603
3666994,0.004512467
3666995,0.0017097895
3666996,0.0012057521
3666997,0.005313838
3666998,0.015588835
3666999,0.00057834084
3667000,0.0064828955
3667001,0.003760464
3667002,0.0028409841
3667003,0.00091392425
3667004,0.0050895247
3667005,0.0026845809
3667006,0.009324511
3667007,0.055217803
3667008,0.0014033861
3667009,0.0009878159
3667010,0.0017659947
3667011,0.0007730147
3667012,0.021502372
3667013,0.005197905
3667014,0.030704712
3667015,0.020173853
3667016,0.00052292837
3667017,0.004247928
3667018,0.0042558354
3667019,0.003198463
3667020,0.056089263
3667021,0.014348503
3667022,0.0014757814
3667023,0.011052114
3667024,0.016090263
3667025,0.0013933828
3667026,0.002048656
3667027,0.003187837
3667028,0.0068163
3667029,0.010689431
3667030,0.0015368367
3667031,0.0010381483
3667032,0.032033563
3667033,0.0018099757
3667034,0.0026869106
3667035,0.0073366044
3667036,0.0016294733
3667037,0.010755305
3667038,0.00896629
3667039,0.0016636605
3667040,0.0034432393
3667041,0.0011335118
3667042,0.024521805
3667043,0.0056175403
3667044,0.007126083
3667045,0.005848865
3667046,0.006407873
3667047,0.027422411
3667048,0.0073162788
3667049,0.0012754003
3667050,0.005861964
3667051,0.034566257
3667052,0.011720341
3667053,0.0042049065
3667054,0.031406723
3667055,0.0028226664
3667056,0.012542075
3667057,0.027226774
3667058,0.004158212
3667059,0.050745912
3667060,0.0030749124
3667061,0.0045294873
3667062,0.0009708128
3667063,0.0009501432
3667064,0.0032871985
3667065,0.0022248833
3667066,0.0036123695
3667067,0.0070461747
3667068,0.0009101025
3667069,0.0038474584
3667070,0.00819092
3667071,0.0034353782
3667072,0.006262542
3667073,0.0009303777
3667074,0.010289452
3667075,0.0002756928
3667076,0.0038436283
3667077,0.004233149
3667078,0.0024898422
3667079,0.0014431882
3667080,0.0047105514
3667081,0.0062510655
3667082,0.014161725
3667083,0.00079166656
3667084,0.014764889
3667085,0.0009775292
3667086,0.0059267045
3667087,0.011313531
3667088,0.0056079007
3667089,0.0035801802
3667090,0.013943701
3667091,0.024980797
3667092,0.0024902117
3667093,0.00065934745
3667094,0.009356664
3667095,0.0059495093
3667096,0.008550695
3667097,0.0011152092
3667098,0.0020252233
3667099,0.021372559
3667100,0.0009058003
3667101,0.04243691
3667102,0.0025487111
3667103,0.0059560523
3667104,0.0004574646
3667105,0.0028547253
3667106,0.011524134
3667107,0.0045759296
3667108,0.006522737
3667109,0.006080294
3667110,0.0008122455
3667111,0.015265458
3667112,0.0035681296
3667113,0.0050969813
3667114,0.0007353163
3667115,0.0018283223
3667116,0.00095073594
3667117,0.0034630548
3667118,0.0025367988
3667119,0.0017681059
3667120,0.001423029
3667121,0.002747332
3667122,0.18572775
3667123,0.0018577821
3667124,0.00464814
3667125,0.002036935
3667126,0.0069165733
3667127,0.0004470358
3667128,0.0010227843
3667129,0.0076471805
3667130,0.00094084843
3667131,0.017986834
3667132,0.0143468985
3667133,0.0150748165
3667134,0.0020249344
3667135,0.00053952256
3667136,0.0043518366
3667137,0.00803027
3667138,0.009694417
3667139,0.27032185
3667140,0.001025886
3667141,0.006857624
3667142,0.013629244
3667143,0.0038335323
3667144,0.010473987
3667145,0.0014650989
3667146,0.006004441
3667147,0.0047301897
3667148,0.0063707083
3667149,0.0017481643
3667150,0.002572847
3667151,0.09785175
3667152,0.00990754
3667153,0.003502495
3667154,0.016009763
3667155,0.086267605
3667156,0.016361417
3667157,0.016149463
3667158,0.009786518
3667159,0.003756718
3667160,0.009861843
3667161,0.0054615433
3667162,0.047097165
3667163,0.0013222761
3667164,0.0031608487
3667165,0.004002996
3667166,0.0069388123
3667167,0.0051390845
3667168,0.0036803393
3667169,0.00455302
3667170,0.0038031826
3667171,0.037617207
3667172,0.0018572923
3667173,0.005462014
3667174,0.0031247104
3667175,0.039504252
3667176,0.0013801003
3667177,0.0012523195
3667178,0.011464511
3667179,0.0016328729
3667180,0.13855127
3667181,0.0034713633
3667182,0.0010548594
3667183,0.014941344
3667184,0.001069914
3667185,0.0019368799
3667186,0.0054482697
3667187,0.0044229934
3667188,0.026521986
3667189,0.0014390264
3667190,0.0039760107
3667191,0.004236493
3667192,0.024410248
3667193,0.0010516664
3667194,0.005752365
3667195,0.000555625
3667196,0.012245491
3667197,0.004779217
3667198,0.0023127077
3667199,0.0018024851
3667200,0.0005567295
3667201,0.0151850125
3667202,0.035340477
3667203,0.0023138104
3667204,0.0086974325
3667205,0.0024813383
3667206,0.066281
3667207,0.0027422246
3667208,0.0038459639
3667209,0.0014505348
3667210,0.0028891044
3667211,0.052600868
3667212,0.0210941
3667213,0.00067208183
3667214,0.0012717878
3667215,0.011097831
3667216,0.00065674697
3667217,0.0012578155
3667218,0.46494865
3667219,0.007241048
3667220,0.0035527267
3667221,0.0032937275
3667222,0.044613328
3667223,0.009769442
3667224,0.0010327391
3667225,0.0025089479
3667226,0.008835764
3667227,0.012639871
3667228,0.002873383
3667229,0.0016019875
3667230,0.0013335338
3667231,0.008619536
3667232,0.0017431413
3667233,0.011273804
3667234,0.0017449013
3667235,0.018447038
3667236,0.006413887
3667237,0.011881851
3667238,0.0066473787
3667239,0.005570086
3667240,0.0073425663
3667241,0.0054525086
3667242,0.0051689106
3667243,0.0058943196
3667244,0.00082118355
3667245,0.0010533093
3667246,0.0012860071
3667247,0.0024009552
3667248,0.0020944094
3667249,0.013248785
3667250,0.004774556
3667251,0.003627446
3667252,0.002606261
3667253,0.015551091
3667254,0.004184324
3667255,0.03647605
3667256,0.0029119845
3667257,0.00080469955
3667258,0.000804358
3667259,0.0012752145
3667260,0.010013253
3667261,0.0069114203
3667262,0.0019302433
3667263,0.0017240233
3667264,0.0019427671
3667265,0.0027594194
3667266,0.0011759481
3667267,0.0017530357
3667268,0.012075866
3667269,0.00655584
3667270,0.0023915274
3667271,0.0052377284
3667272,0.010404528
3667273,0.0025807864
3667274,0.0014621253
3667275,0.0013157148
3667276,0.0037779862
3667277,0.0055178264
3667278,0.020304983
3667279,0.009009136
3667280,0.0027458926
3667281,0.0073341182
3667282,0.0009193986
3667283,0.01807478
3667284,0.00137818
3667285,0.004780303
3667286,0.031588472
3667287,0.0012514216
3667288,0.0005885645
3667289,0.00029834989
3667290,0.001219651
3667291,0.0015868201
3667292,0.010093855
3667293,0.0024065238
3667294,0.0035545419
3667295,0.006222796
3667296,0.0021248003
3667297,0.0010067798
3667298,0.0018553203
3667299,0.0066161356
3667300,0.0066882716
3667301,0.0026696941
3667302,0.12358631
3667303,0.0027100155
3667304,0.00061489234
3667305,0.0033904857
3667306,0.0013171503
3667307,0.0061486866
3667308,0.007555178
3667309,0.0058422093
3667310,0.0048457175
3667311,0.0023773205
3667312,0.00046784978
3667313,0.0020163618
3667314,0.0022084634
3667315,0.0039460626
3667316,0.030589169
3667317,0.024594162
3667318,0.0015126322
3667319,0.013142659
3667320,0.0020443539
3667321,0.009514744
3667322,0.00515451
3667323,0.003044522
3667324,0.03978118
3667325,0.0029815726
3667326,0.002480236
3667327,0.004183386
3667328,0.0017126121
3667329,0.0010538459
3667330,0.0046079406
3667331,0.0042229947
3667332,0.026687467
3667333,0.0016904998
3667334,0.0028399143
3667335,0.0017102723
3667336,0.014921265
3667337,0.011233666
3667338,0.0014984694
3667339,0.0022292188
3667340,0.0016916695
3667341,0.004042875
3667342,0.012027012
3667343,0.00076587446
3667344,0.007122154
3667345,0.015605548
3667346,0.003850479
3667347,0.0037460877
3667348,0.00241914
3667349,0.009993293
3667350,0.0043305354
3667351,0.002127778
3667352,0.0002751217
3667353,0.06280633
3667354,0.002659612
3667355,0.0021060028
3667356,0.005118387
3667357,0.0017163933
3667358,0.0089068115
3667359,0.0030433568
3667360,0.007364543
3667361,0.0005318406
3667362,0.0014049507
3667363,0.0041174544
3667364,0.0008677035
3667365,0.016238231
3667366,0.0038150125
3667367,0.025056534
3667368,0.0049059317
3667369,0.010619599
3667370,0.0035657096
3667371,0.014470262
3667372,0.10383714
3667373,0.0076178173
3667374,0.00278389
3667375,0.0048217387
3667376,0.0021435032
3667377,0.0010396914
3667378,0.0013549202
3667379,0.0073238704
3667380,0.0032048286
3667381,0.0048457175
3667382,0.004361512
3667383,0.08298798
3667384,0.0027174228
3667385,0.021928966
3667386,0.0014814861
3667387,0.0011036005
3667388,0.006748338
3667389,0.0046600685
3667390,0.0025895922
3667391,0.0019346864
3667392,0.028859993
3667393,0.0047945916
3667394,0.008644398
3667395,0.0010786164
3667396,0.0022005904
3667397,0.002609743
3667398,0.004372459
3667399,0.049266215
3667400,0.0031749834
3667401,0.0023106346
3667402,0.00677903
3667403,0.00029538598
3667404,0.010196573
3667405,0.0035204012
3667406,0.010603039
3667407,0.0012547433
3667408,0.00071902195
3667409,0.021115635
3667410,0.0013701068
3667411,0.0016085691
3667412,0.0022239592
3667413,0.0017147093
3667414,0.00161182
3667415,0.0007399222
3667416,0.009742271
3667417,0.0035625075
3667418,0.0036036083
3667419,0.010890014
3667420,0.0013310076
3667421,0.0048471806
3667422,0.0031879598
3667423,0.0049601453
3667424,0.0038844007
3667425,0.0015052045
3667426,0.0039075227
3667427,0.0049240454
3667428,0.004723845
3667429,0.005692923
3667430,0.0023590692
3667431,0.003622069
3667432,0.01354351
3667433,0.0010104169
3667434,0.01876762
3667435,0.001734184
3667436,0.025578627
3667437,0.0015199939
3667438,0.0016517264
3667439,0.11400299
3667440,0.0029631979
3667441,0.0017260433
3667442,0.0047127474
3667443,0.033900492
3667444,0.02824532
3667445,0.0026198518
3667446,0.015210084
3667447,0.055774048
3667448,0.00092470576
3667449,0.0008397695
3667450,0.010286577
3667451,0.0020331861
3667452,0.044469114
3667453,0.0027603656
3667454,0.017067118
3667455,0.011626033
3667456,0.003444527
3667457,0.0062903073
3667458,0.003375783
3667459,0.012416375
3667460,0.0025600353
3667461,0.0502891
3667462,0.0028747744
3667463,0.0009753463
3667464,0.008804153
3667465,0.0012629085
3667466,0.019696664
3667467,0.00027190175
3667468,0.0032865487
3667469,0.001680065
3667470,0.010061317
3667471,0.107403055
3667472,0.05252778
3667473,0.0057269903
3667474,0.0006308384
3667475,0.015930055
3667476,0.0021406473
3667477,0.0031705075
3667478,0.0019440481
3667479,0.0029098864
3667480,0.008110093
3667481,0.0032234648
3667482,0.0010150718
3667483,0.008686984
3667484,0.0015969443
3667485,0.006325462
3667486,0.0077826614
3667487,0.0035065212
3667488,0.0020133962
3667489,0.0019910356
3667490,0.0021352486
3667491,0.0028974211
3667492,0.014943105
3667493,0.006927472
3667494,0.005446397
3667495,0.0025685204
3667496,0.05363009
3667497,0.008728861
3667498,0.03680712
3667499,0.0018522897
3667500,0.008027376
3667501,0.006628944
3667502,0.013306503
3667503,0.0006906971
3667504,0.00115175
3667505,0.0013850557
3667506,0.0055742105
3667507,0.0040531657
3667508,0.0025024798
3667509,0.0015892287
3667510,0.029398568
3667511,0.015436961
3667512,0.0023760917
3667513,0.00041813744
3667514,0.0019204802
3667515,0.0030121
3667516,0.013366337
3667517,0.0020223784
3667518,0.0026155654
3667519,0.00393061
3667520,0.001576522
3667521,0.014039593
3667522,0.07640678
3667523,0.0016383219
3667524,0.0031368197
3667525,0.007685229
3667526,0.007612092
3667527,0.006219827
3667528,0.0022292954
3667529,0.0010007389
3667530,0.0035330362
3667531,0.012830222
3667532,0.000946451
3667533,0.004750461
3667534,0.0035904553
3667535,0.010189659
3667536,0.0023439673
3667537,0.0033904228
3667538,0.0007800961
3667539,0.0029521973
3667540,0.0015290013
3667541,0.0024221635
3667542,0.0076680514
3667543,0.0016624302
3667544,0.0031715776
3667545,0.007945229
3667546,0.00941988
3667547,0.0031087496
3667548,0.0047921347
3667549,0.005538218
3667550,0.0023167424
3667551,0.0017797431
3667552,0.0013522053
3667553,0.009395789
3667554,0.0050249654
3667555,0.0025539265
3667556,0.14005211
3667557,0.0037559457
3667558,0.001017822
3667559,0.0012993767
3667560,0.031765763
3667561,0.0472737
3667562,0.0012100068
3667563,0.00746213
3667564,0.0013293712
3667565,0.0021946994
3667566,0.0036176096
3667567,0.004133316
3667568,0.0138868755
3667569,0.0016653142
3667570,0.0041735605
3667571,0.0035803977
3667572,0.0005485174
3667573,0.00523789
3667574,0.001825154
3667575,0.0069033476
3667576,0.00511635
3667577,0.0012845779
3667578,0.02354049
3667579,0.011044887
3667580,0.0034062767
3667581,0.0051343497
3667582,0.019447835
3667583,0.012026848
3667584,0.006986152
3667585,0.00093118334
3667586,0.021477656
3667587,0.005356392
3667588,0.030233314
3667589,0.006401182
3667590,0.004436119
3667591,0.01053742
3667592,0.0011299202
3667593,0.0073383474
3667594,0.00067354285
3667595,0.003351637
3667596,0.0115836235
3667597,0.0015589315
3667598,0.001288834
3667599,0.0025913331
3667600,0.0048279045
3667601,0.0839086
3667602,0.013506597
3667603,0.004235441
3667604,0.0055253226
3667605,0.6177361
3667606,0.0348841
3667607,0.38021737
3667608,0.008534335
3667609,0.0052406737
3667610,0.005004642
3667611,0.0020880885
3667612,0.5099119
3667613,0.0034820952
3667614,0.007313374
3667615,0.0073677297
3667616,0.4548371
3667617,0.0042558354
3667618,0.04117376
3667619,0.0062490213
3667620,0.06605568
3667621,0.59448516
3667622,0.005454397
3667623,0.001541584
3667624,0.0013745256
3667625,0.5230743
3667626,0.0020711618
3667627,0.019340735
3667628,0.47903326
3667629,0.0008979996
3667630,0.0007117785
3667631,0.01060551
3667632,0.5031374
3667633,0.0038291225
3667634,0.018558064
3667635,0.003939344
3667636,0.0061971117
3667637,0.0063819317
3667638,0.63640606
3667639,0.78898364
3667640,0.0028487067
3667641,0.0023485795
3667642,0.0039486424
3667643,0.03116851
3667644,0.0016233063
3667645,0.0017969299
3667646,0.0047062524
3667647,0.015984625
3667648,0.003583136
3667649,0.014393297
3667650,0.0067841555
3667651,0.04781622
3667652,0.0019047037
3667653,0.0045680064
3667654,0.013952549
3667655,0.0048489217
3667656,0.015967885
3667657,0.013458724
3667658,0.0025798795
3667659,0.023145042
3667660,0.0049975067
3667661,0.0012587755
3667662,0.026801681
3667663,0.00750831
3667664,0.012552436
3667665,0.004234013
3667666,0.0013782969
3667667,0.00616794
3667668,0.00080609054
3667669,0.021529542
3667670,0.0032986933
3667671,0.006075446
3667672,0.0011278056
3667673,0.003538693
3667674,0.00088540866
3667675,0.025625627
3667676,0.0013100335
3667677,0.00075111346
3667678,0.018817276
3667679,0.0068478235
3667680,0.0022965632
3667681,0.002075093
3667682,0.001828896
3667683,0.00085228926
3667684,0.006903096
3667685,0.0020859146
3667686,0.0007932176
3667687,0.002909575
3667688,0.001648217
3667689,0.0047456864
3667690,0.0015447175
3667691,0.0070913974
3667692,0.0014515165
3667693,0.0375401
3667694,0.111359246
3667695,0.0037537762
3667696,0.018658502
3667697,0.003450589
3667698,0.0018427934
3667699,0.0051275613
3667700,0.0009142242
3667701,0.0035392628
3667702,0.0034663673
3667703,0.05028295
3667704,0.0021831868
3667705,0.0013980742
3667706,0.009886663
3667707,0.0043574846
3667708,0.0012359517
3667709,0.002528612
3667710,0.0021795959
3667711,0.0015946811
3667712,0.010665208
3667713,0.006576749
3667714,0.001396657
3667715,0.0026162784
3667716,0.005753623
3667717,0.0028556336
3667718,0.0052033197
3667719,0.012137716
3667720,0.003499798
3667721,0.003993788
3667722,0.0012670181
3667723,0.0032347655
3667724,0.0076136296
3667725,0.0052370005
3667726,0.0055164895
3667727,0.0037048338
3667728,0.0017377994
3667729,0.0012360994
3667730,0.0009631403
3667731,0.02508425
3667732,0.0048334543
3667733,0.006234408
3667734,0.016999295
3667735,0.0006041846
3667736,0.006824055
3667737,0.03949643
3667738,0.014755908
3667739,0.00062235864
3667740,0.0015273716
3667741,0.0109003065
3667742,0.0042292876
3667743,0.007072955
3667744,0.013919949
3667745,0.0022284035
3667746,0.0071286815
3667747,0.0016233063
3667748,0.00858458
3667749,0.0029983816
3667750,0.0023158884
3667751,0.0026334894
3667752,0.02006077
3667753,0.02260798
3667754,0.00440303
3667755,0.0011251282
3667756,0.0017286225
3667757,0.0047152108
3667758,0.0019224747
3667759,0.0019400526
3667760,0.007880713
3667761,0.014999487
3667762,0.0053295176
3667763,0.009641221
3667764,0.000685445
3667765,0.0014287205
3667766,0.0034878666
3667767,0.044834852
3667768,0.00040927785
3667769,0.0011087338
3667770,0.0012675208
3667771,0.014490847
3667772,0.0020624902
3667773,0.0032256718
3667774,0.0009183113
3667775,0.008074356
3667776,0.0041283164
3667777,0.0077510104
3667778,0.007833618
3667779,0.002340708
3667780,0.024225295
3667781,0.002588341
3667782,0.0247683
3667783,0.0017830499
3667784,0.0017546995
3667785,0.011951889
3667786,0.0027945135
3667787,0.019516775
3667788,0.010953165
3667789,0.018509993
3667790,0.0015152271
3667791,0.0011970743
3667792,0.0027605481
3667793,0.004321882
3667794,0.001536378
3667795,0.001576537
3667796,0.0015515272
3667797,0.0025140797
3667798,0.007694114
3667799,0.0043103
3667800,0.0023965586
3667801,0.0017137048
3667802,0.0058422093
3667803,0.0067314454
3667804,0.0019494346
3667805,0.023052128
3667806,0.0018228474
3667807,0.0030689456
3667808,0.0042558354
3667809,0.0017346347
3667810,0.003518555
3667811,0.0077296994
3667812,0.0017693763
3667813,0.046206255
3667814,0.0020545176
3667815,0.016512992
3667816,0.0005583307
3667817,0.0035330362
3667818,0.0055089053
3667819,0.0040431665
3667820,0.0015467568
3667821,0.0015033975
3667822,0.022320716
3667823,0.0071595
3667824,0.047624204
3667825,0.004813166
3667826,0.0026570722
3667827,0.0018312644
3667828,0.0020083007
3667829,0.0018917351
3667830,0.014725037
3667831,0.015192594
3667832,0.003897965
3667833,0.001116546
3667834,0.0036908062
3667835,0.00228236
3667836,0.00077572546
3667837,0.013686163
3667838,0.025635762
3667839,0.0072546685
3667840,0.01497509
3667841,0.005028256
3667842,0.03216958
3667843,0.0019451864
3667844,0.0017095967
3667845,0.013711714
3667846,0.0036483766
3667847,0.0018428575
3667848,0.0052980515
3667849,0.0033887266
3667850,0.010203678
3667851,0.011399161
3667852,0.0011074097
3667853,0.0023590792
3667854,0.0034599905
3667855,0.00832884
3667856,0.013711714
3667857,0.008308644
3667858,0.0019217903
3667859,0.0013914441
3667860,0.009125151
3667861,0.016952349
3667862,0.07039644
3667863,0.008783508
3667864,0.001226535
3667865,0.001540482
3667866,0.008041171
3667867,0.0027092
3667868,0.09767217
3667869,0.0035848932
3667870,0.0015467568
3667871,0.0019566948
3667872,0.002080724
3667873,0.001701921
3667874,0.0022315364
3667875,0.0020163534
3667876,0.00074100756
3667877,0.002707111
3667878,0.00084442267
3667879,0.0052569457
3667880,0.0025514548
3667881,0.020638514
3667882,0.003046482
3667883,0.0051611946
3667884,0.007901731
3667885,0.032269146
3667886,0.0071347286
3667887,0.0044054384
3667888,0.011991522
3667889,0.003677223
3667890,0.00397441
3667891,0.0025631958
3667892,0.0020041782
3667893,0.033864375
3667894,0.0017420024
3667895,0.0086268205
3667896,0.0012632874
3667897,0.0052745445
3667898,0.0040334817
3667899,0.0034971181
3667900,0.0057156384
3667901,0.009593269
3667902,0.0029951802
3667903,0.0028054283
3667904,0.00089317537
3667905,0.01066476
3667906,0.02052564
3667907,0.0010781911
3667908,0.0018984058
3667909,0.009312397
3667910,0.7722251
3667911,0.007403354
3667912,0.04521872
3667913,0.012713775
3667914,0.0026076857
3667915,0.0031182382
3667916,0.0015232132
3667917,0.012629956
3667918,0.0033358177
3667919,0.0007540287
3667920,0.0046572513
3667921,0.008395235
3667922,0.0020162056
3667923,0.0007381915
3667924,0.011644414
3667925,0.0010349147
3667926,0.007819906
3667927,0.0071799713
3667928,0.13425042
3667929,0.71400505
3667930,0.0023959056
3667931,0.002081561
3667932,0.002089168
3667933,0.12950689
3667934,0.0020978714
3667935,0.0102141
3667936,0.0029531352
3667937,0.8180256
3667938,0.0041105947
3667939,0.0076888483
3667940,0.0009938973
3667941,0.0020619144
3667942,0.0023171932
3667943,0.0032326384
3667944,0.0028478033
3667945,0.010823257
3667946,0.0028789612
3667947,0.017583283
3667948,0.0027869309
3667949,0.002705968
3667950,0.0073298216
3667951,0.001831335
3667952,0.0027603419
3667953,0.0023720767
3667954,0.0032175928
3667955,0.018459639
3667956,0.003485653
3667957,0.0064365286
3667958,0.0057654073
3667959,0.013686722
3667960,0.77672756
3667961,0.020962343
3667962,0.008560152
3667963,0.0030994082
3667964,0.00440991
3667965,0.0015791602
3667966,0.0031133196
3667967,0.0028687106
3667968,0.0031482442
3667969,0.0017012462
3667970,0.5584703
3667971,0.013877651
3667972,0.006725241
3667973,0.0071629416
3667974,0.0046948837
3667975,0.005111391
3667976,0.0070405724
3667977,0.0056193117
3667978,0.0009011213
3667979,0.7357221
3667980,0.0037806842
3667981,0.0027179087
3667982,0.053179584
3667983,0.0023905684
3667984,0.0035907489
3667985,0.003857886
3667986,0.001399593
3667987,0.0009767193
3667988,0.008038486
3667989,0.6618425
3667990,0.00079374615
3667991,0.0007595023
3667992,0.0015803281
3667993,0.0028320812
3667994,0.0049898964
3667995,0.008168235
3667996,0.0012316933
3667997,0.020360474
3667998,0.0019510252
3667999,0.022393137
3668000,0.014071074
3668001,0.009531885
3668002,0.002915818
3668003,0.0039168284
3668004,0.0014335096
3668005,0.004105433
3668006,0.0012837314
3668007,0.0034843744
3668008,0.013161429
3668009,0.00170503
3668010,0.0023782596
3668011,0.0022284118
3668012,0.001150414
3668013,0.008227782
3668014,0.0012795182
3668015,0.0010764535
3668016,0.0028232841
3668017,0.0014346158
3668018,0.006006439
3668019,0.0017568885
3668020,0.010431265
3668021,0.004693585
3668022,0.0074163475
3668023,0.0144767435
3668024,0.0011561216
3668025,0.0010076439
3668026,0.0016585073
3668027,0.000699025
3668028,0.008542126
3668029,0.0045784996
3668030,0.13890119
3668031,0.032074004
3668032,0.0021275543
3668033,0.0011571969
3668034,0.0016093281
3668035,0.00424391
3668036,0.0040402412
3668037,0.0021390682
3668038,0.0037564219
3668039,0.014341721
3668040,0.0036868246
3668041,0.0049285404
3668042,0.0006659149
3668043,0.016280439
3668044,0.0020910585
3668045,0.004870587
3668046,0.0012899289
3668047,0.0044778907
3668048,0.0017633311
3668049,0.0028470815
3668050,0.017891336
3668051,0.00088679505
3668052,0.013502804
3668053,0.008191837
3668054,0.002037788
3668055,0.012067336
3668056,0.013314719
3668057,0.030418223
3668058,0.00081662956
3668059,0.019609345
3668060,0.001441358
3668061,0.008859774
3668062,0.0091994945
3668063,0.0020201413
3668064,0.028848829
3668065,0.0022541936
3668066,0.015473256
3668067,0.006374428
3668068,0.003901992
3668069,0.01073805
3668070,0.001739438
3668071,0.0056312312
3668072,0.0015498999
3668073,0.008174055
3668074,0.0031574175
3668075,0.0041082315
3668076,0.010256508
3668077,0.0061491793
3668078,0.0011766164
3668079,0.0042810165
3668080,0.0007273552
3668081,0.003125352
3668082,0.0061422153
3668083,0.004992125
3668084,0.0006307407
3668085,0.001369763
3668086,0.072742224
3668087,0.005274805
3668088,0.0023606531
3668089,0.023780953
3668090,0.0052019795
3668091,0.0012937733
3668092,0.002635291
3668093,0.03878699
3668094,0.012304258
3668095,0.010919541
3668096,0.0009077512
3668097,0.010949384
3668098,0.002418568
3668099,0.02126494
3668100,0.023904396
3668101,0.0041173957
3668102,0.0054375497
3668103,0.029152403
3668104,0.0018221204
3668105,0.007424232
3668106,0.008947116
3668107,0.0011533552
3668108,0.006123649
3668109,0.013333789
3668110,0.0038410148
3668111,0.0072941277
3668112,0.0011444592
3668113,0.02505563
3668114,0.0026298198
3668115,0.0027850668
3668116,0.0024162498
3668117,0.012711022
3668118,0.0048241373
3668119,0.00046400668
3668120,0.003770397
3668121,0.040715046
3668122,0.0012421972
3668123,0.006075446
3668124,0.0015104329
3668125,0.0023814996
3668126,0.0020137308
3668127,0.049794506
3668128,0.012387646
3668129,0.0038736556
3668130,0.001968034
3668131,0.017111307
3668132,0.03765329
3668133,0.006069112
3668134,0.005228075
3668135,0.01165908
3668136,0.011307131
3668137,0.0006099961
3668138,0.006119126
3668139,0.0024212801
3668140,0.005748998
3668141,0.008320585
3668142,0.0037883557
3668143,0.0018412541
3668144,0.0074495967
3668145,0.0047441507
3668146,0.008806629
3668147,0.0021060028
3668148,0.0018607901
3668149,0.00061136245
3668150,0.0142732505
3668151,0.0019456752
3668152,0.0012133417
3668153,0.01950872
3668154,0.0109148035
3668155,0.025982048
3668156,0.0038612795
3668157,0.0068682684
3668158,0.0018446933
3668159,0.00052166736
3668160,0.0040930603
3668161,0.0073023736
3668162,0.32606342
3668163,0.015763499
3668164,0.0135141155
3668165,0.01649089
3668166,0.0045507904
3668167,0.011285999
3668168,0.00033187543
3668169,0.032558933
3668170,0.002754071
3668171,0.002087856
3668172,0.001008332
3668173,0.0046781776
3668174,0.024000468
3668175,0.00353286
3668176,0.0016255528
3668177,0.008192074
3668178,0.010476315
3668179,0.004302255
3668180,0.011666742
3668181,0.0013592759
3668182,0.009754046
3668183,0.008304501
3668184,0.006156285
3668185,0.0021511447
3668186,0.0015369159
3668187,0.0026019043
3668188,0.0029155903
3668189,0.0060726795
3668190,0.07624365
3668191,0.006969456
3668192,0.0017695044
3668193,0.0045610904
3668194,0.006670188
3668195,0.0018253252
3668196,0.003193151
3668197,0.0010594749
3668198,0.007564523
3668199,0.0008959118
3668200,0.0017112772
3668201,0.0032372093
3668202,0.0021676044
3668203,0.0028995546
3668204,0.0027188873
3668205,0.0055469726
3668206,0.0019151105
3668207,0.003703088
3668208,0.064353235
3668209,0.008625907
3668210,0.00540376
3668211,0.0125442
3668212,0.0067132427
3668213,0.0022550733
3668214,0.004972783
3668215,0.010788032
3668216,0.04117376
3668217,0.0014892536
3668218,0.0096125025
3668219,0.065310664
3668220,0.0039027282
3668221,0.0035330362
3668222,0.0033063155
3668223,0.0017766207
3668224,0.002440297
3668225,0.006139009
3668226,0.0061440873
3668227,0.020942662
3668228,0.0042974637
3668229,0.002127619
3668230,0.04360235
3668231,0.0028133083
3668232,0.0027934574
3668233,0.013731848
3668234,0.026348967
3668235,0.0073693446
3668236,0.0032305154
3668237,0.010140396
3668238,0.002755508
3668239,0.0012597416
3668240,0.0050842417
3668241,0.0017642741
3668242,0.0012776727
3668243,0.008526108
3668244,0.00070773036
3668245,0.02373604
3668246,0.0049166307
3668247,0.0058922498
3668248,0.05997006
3668249,0.039335288
3668250,0.0009044588
3668251,0.008278692
3668252,0.20978191
3668253,0.00454639
3668254,0.0039015238
3668255,0.0019229685
3668256,0.0003620136
3668257,0.007403354
3668258,0.0056492295
3668259,0.0013220375
3668260,0.02918073
3668261,0.006593109
3668262,0.004466658
3668263,0.0060881516
3668264,0.5834363
3668265,0.004571566
3668266,0.0026659083
3668267,0.0057015833
3668268,0.0015700639
3668269,0.00081836
3668270,0.013115277
3668271,0.008648061
3668272,0.0022729286
3668273,0.00070717547
3668274,0.0030935397
3668275,0.081554286
3668276,0.0014700398
3668277,0.033864375
3668278,0.008479264
3668279,0.00207157
3668280,0.0051961644
3668281,0.0069923927
3668282,0.01217275
3668283,0.01537948
3668284,0.007799152
3668285,0.0040227533
3668286,0.005870599
3668287,0.00092168426
3668288,0.0014745677
3668289,0.0010107682
3668290,0.0023886508
3668291,0.0058422093
3668292,0.0011992023
3668293,0.0010638726
3668294,0.0029288242
3668295,0.0047288495
3668296,0.0016252596
3668297,0.0040689087
3668298,0.052137434
3668299,0.0011388139
3668300,0.027873002
3668301,0.005273809
3668302,0.0021130957
3668303,0.0036745144
3668304,0.1553142
3668305,0.00075531605
3668306,0.004317651
3668307,0.011135488
3668308,0.001926784
3668309,0.008812266
3668310,0.004522808
3668311,0.0036395488
3668312,0.0021605624
3668313,0.008342994
3668314,0.8998515
3668315,0.029868644
3668316,0.09104646
3668317,0.020234114
3668318,0.6770223
3668319,0.002963657
3668320,0.0048457175
3668321,0.0060744123
3668322,0.0003217051
3668323,0.0014016437
3668324,0.0056255525
3668325,0.004728645
3668326,0.0022632657
3668327,0.029561285
3668328,0.00078274927
3668329,0.0007177982
3668330,0.0018449192
3668331,0.0018361659
3668332,0.0032023252
3668333,0.011430035
3668334,0.0028073243
3668335,0.0030460535
3668336,0.0018299451
3668337,0.0073522204
3668338,0.0019042315
3668339,0.0045047775
3668340,0.008359217
3668341,0.000825309
3668342,0.0006313815
3668343,0.004384659
3668344,0.0018377291
3668345,0.019998072
3668346,0.0025515447
3668347,0.0008951158
3668348,0.003391032
3668349,0.0046716635
3668350,0.0058570756
3668351,0.0067253653
3668352,0.0029720766
3668353,0.004015311
3668354,0.0064285356
3668355,0.0013338132
3668356,0.017575376
3668357,0.0030315798
3668358,0.003991247
3668359,0.008450624
3668360,0.004627662
3668361,0.0012931912
3668362,0.0037664475
3668363,0.0033345688
3668364,0.008992081
3668365,0.0033019183
3668366,0.0027724113
3668367,0.010751527
3668368,0.0039099418
3668369,0.001796381
3668370,0.0016865828
3668371,0.0005168979
3668372,0.0021523058
3668373,0.008271641
3668374,0.007673224
3668375,0.003057183
3668376,0.009199051
3668377,0.010426783
3668378,0.00050103985
3668379,0.0014360441
3668380,0.006151272
3668381,0.0063802022
3668382,0.0030118823
3668383,0.0054421034
3668384,0.0029859392
3668385,0.002300791
3668386,0.005442782
3668387,0.037896547
3668388,0.0009981946
3668389,0.0028660328
3668390,0.09501896
3668391,0.0009942931
3668392,0.00722064
3668393,0.005111391
3668394,0.007902449
3668395,0.0015052524
3668396,0.002644358
3668397,0.0013421195
3668398,0.003869242
3668399,0.0018962864
3668400,0.0044767386
3668401,0.0025436687
3668402,0.0022097132
3668403,0.011158058
3668404,0.004196515
3668405,0.009509942
3668406,0.0015336338
3668407,0.0024812946
3668408,0.0023912555
3668409,0.006408875
3668410,0.002054681
3668411,0.02848132
3668412,0.0034620692
3668413,0.00062521885
3668414,0.003696648
3668415,0.005367813
3668416,0.0013920604
3668417,0.0022914305
3668418,0.0046948837
3668419,0.0104741845
3668420,0.0037077141
3668421,0.0016694901
3668422,0.3800635
3668423,0.0020177893
3668424,0.17543893
3668425,0.009230152
3668426,0.29849246
3668427,0.098429725
3668428,0.0016345832
3668429,0.0054985234
3668430,0.0012365404
3668431,0.88155097
3668432,0.008061091
3668433,0.96508116
3668434,0.003038952
3668435,0.0011615914
3668436,0.0011436822
3668437,0.0017434667
3668438,0.0011577576
3668439,0.28004858
3668440,0.0059345337
3668441,0.013277773
3668442,0.9576115
3668443,0.0019053556
3668444,0.04096712
3668445,0.034895714
3668446,0.002526906
3668447,0.0086079845
3668448,0.0009998702
3668449,0.0035038465
3668450,0.0010810549
3668451,0.0011057772
3668452,0.006164182
3668453,0.0056700935
3668454,0.004844488
3668455,0.0044264067
3668456,0.0033859645
3668457,0.00367107
3668458,0.007228232
3668459,0.00045625956
3668460,0.0018776379
3668461,0.031435613
3668462,0.0075364625
3668463,0.000674115
3668464,0.004816662
3668465,0.00037157116
3668466,0.5420815
3668467,0.010199788
3668468,0.0017613799
3668469,0.00061534636
3668470,0.00088940095
3668471,0.3216272
3668472,0.024933198
3668473,0.005123328
3668474,0.0053565847
3668475,0.05551354
3668476,0.0006981579
3668477,0.00067507906
3668478,0.003563765
3668479,0.014913235
3668480,0.0012606647
3668481,0.0104807895
3668482,0.004364234
3668483,0.0012473345
3668484,0.0032299212
3668485,0.002330557
3668486,0.0019068288
3668487,0.003044584
3668488,0.0011781203
3668489,0.005996793
3668490,0.0026284293
3668491,0.0025667117
3668492,0.002036708
3668493,0.004195766
3668494,0.0043093916
3668495,0.0026211068
3668496,0.0028676495
3668497,0.0015427279
3668498,0.0037033327
3668499,0.058084957
3668500,0.004892994
3668501,0.007965525
3668502,0.0019808854
3668503,0.001654717
3668504,0.0009745074
3668505,0.0014530185
3668506,0.00082804164
3668507,0.006286255
3668508,0.0019402917
3668509,0.02291309
3668510,0.003979831
3668511,0.0010225022
3668512,0.013814735
3668513,0.0010605964
3668514,0.007961923
3668515,0.03259815
3668516,0.01699489
3668517,0.0008397979
3668518,0.0068516415
3668519,0.008508608
3668520,0.0030304343
3668521,0.003100033
3668522,0.018817618
3668523,0.013067876
3668524,0.004630815
3668525,0.022854608
3668526,0.0060501825
3668527,0.0008280215
3668528,0.0047208555
3668529,0.012483767
3668530,0.0047706445
3668531,0.0031922585
3668532,0.009113284
3668533,0.061533347
3668534,0.0012900389
3668535,0.0010799541
3668536,0.010237198
3668537,0.0036069364
3668538,0.0023856165
3668539,0.010490151
3668540,0.0037789107
3668541,0.01675874
3668542,0.0021552138
3668543,0.0012816167
3668544,0.0022174497
3668545,0.0011106017
3668546,0.0010847574
3668547,0.011884678
3668548,0.0016539642
3668549,0.0041026305
3668550,0.0013863906
3668551,0.0042970288
3668552,0.013307912
3668553,0.0005015965
3668554,0.0034075866
3668555,0.019860018
3668556,0.0044106264
3668557,0.0038209918
3668558,0.00069621805
3668559,0.11580695
3668560,0.0072209984
3668561,0.071157455
3668562,0.0012825156
3668563,0.008007898
3668564,0.004682745
3668565,0.0049338606
3668566,0.0033623676
3668567,0.0010326643
3668568,0.0068163546
3668569,0.0036350128
3668570,0.00086102245
3668571,0.0042558354
3668572,0.00807276
3668573,0.0015552457
3668574,0.0044834316
3668575,0.003607533
3668576,0.007885248
3668577,0.0038197304
3668578,0.0024830063
3668579,0.009204676
3668580,0.0009519292
3668581,0.0013801003
3668582,0.008289627
3668583,0.0061151665
3668584,0.0047949557
3668585,0.005601873
3668586,0.0034708655
3668587,0.0026912035
3668588,0.0012567336
3668589,0.02149718
3668590,0.011838708
3668591,0.0020072553
3668592,0.003687513
3668593,0.004101571
3668594,0.0052334717
3668595,0.0021180161
3668596,0.005317297
3668597,0.013808261
3668598,0.0019438972
3668599,0.0005737648
3668600,0.0028766978
3668601,0.0035892888
3668602,0.0032385958
3668603,0.0019838957
3668604,0.004368637
3668605,0.0057820277
3668606,0.01471176
3668607,0.0015639145
3668608,0.005962063
3668609,0.0034664334
3668610,0.0071480325
3668611,0.0022484728
3668612,0.0058474736
3668613,0.0014256835
3668614,0.004636524
3668615,0.0004237599
3668616,0.0048535075
3668617,0.0053348616
3668618,0.0034900266
3668619,0.0109389005
3668620,0.009248157
3668621,0.012561382
3668622,0.001661469
3668623,0.00799467
3668624,0.011175338
3668625,0.0029933953
3668626,0.005326518
3668627,0.00877935
3668628,0.015437311
3668629,0.002724064
3668630,0.0019042531
3668631,0.0017458485
3668632,0.007220281
3668633,0.001005731
3668634,0.0024535437
3668635,0.0036365844
3668636,0.0071665063
3668637,0.0022974275
3668638,0.033463214
3668639,0.024531307
3668640,0.0005844861
3668641,0.007151224
3668642,0.000774382
3668643,0.053660132
3668644,0.016912702
3668645,0.006270399
3668646,0.0045632212
3668647,0.0022410012
3668648,0.0045552184
3668649,0.022425242
3668650,0.002023967
3668651,0.0040961443
3668652,0.0019422623
3668653,0.034058012
3668654,0.0017673182
3668655,0.0018007862
3668656,0.0035635892
3668657,0.005957665
3668658,0.0009156033
3668659,0.002488385
3668660,0.010282835
3668661,0.007261815
3668662,0.0046520424
3668663,0.0034544296
3668664,0.0012735103
3668665,0.0032703064
3668666,0.0012105866
3668667,0.0016022552
3668668,0.012669052
3668669,0.007205107
3668670,0.008141957
3668671,0.010932495
3668672,0.02740107
3668673,0.0048669344
3668674,0.0011064111
3668675,0.003648857
3668676,0.016242255
3668677,0.00603741
3668678,0.00982362
3668679,0.0045569898
3668680,0.0046007982
3668681,0.008185808
3668682,0.0017023562
3668683,0.0057755103
3668684,0.08347296
3668685,0.0006241481
3668686,0.0022179785
3668687,0.0015068064
3668688,0.014069393
3668689,0.0037182043
3668690,0.0036957473
3668691,0.0005221068
3668692,0.013736318
3668693,0.008636814
3668694,0.0059926216
3668695,0.0022905925
3668696,0.005063418
3668697,0.06528975
3668698,0.0012359057
3668699,0.0010389844
3668700,0.0012808498
3668701,0.0024809227
3668702,0.0024638695
3668703,0.01778647
3668704,0.0078052795
3668705,0.0009950337
3668706,0.0055655288
3668707,0.007160649
3668708,0.0014486816
3668709,0.0037077141
3668710,0.005995108
3668711,0.005262824
3668712,0.004996279
3668713,0.009797916
3668714,0.0062796106
3668715,0.0041074282
3668716,0.007043657
3668717,0.0056265127
3668718,0.000971565
3668719,0.004315319
3668720,0.0012328682
3668721,0.0019836542
3668722,0.000987505
3668723,0.018328745
3668724,0.02937988
3668725,0.2165737
3668726,0.0020984516
3668727,0.04059574
3668728,0.0013360357
3668729,0.00454296
3668730,0.0036886483
3668731,0.5839179
3668732,0.0030594163
3668733,0.0061103655
3668734,0.0026744416
3668735,0.002120957
3668736,0.0007579695
3668737,0.0063227145
3668738,0.124351636
3668739,0.009625094
3668740,0.003090084
3668741,0.0025373744
3668742,0.8829536
3668743,0.7764604
3668744,0.0031092227
3668745,0.0018153536
3668746,0.0020662488
3668747,0.0026038068
3668748,0.8148967
3668749,0.0014072552
3668750,0.0010131964
3668751,0.010941636
3668752,0.002407923
3668753,0.009826213
3668754,0.0021406473
3668755,0.012111711
3668756,0.01895868
3668757,0.008647071
3668758,0.022311516
3668759,0.0044707987
3668760,0.0020477264
3668761,0.010395792
3668762,0.004169326
3668763,0.0038721748
3668764,0.0017426445
3668765,0.0012214868
3668766,0.0037976385
3668767,0.004992627
3668768,0.003674167
3668769,0.010956533
3668770,0.0013514438
3668771,0.005581669
3668772,0.008440672
3668773,0.0027267314
3668774,0.008094687
3668775,0.0066188187
3668776,0.004666168
3668777,0.00050365523
3668778,0.003121581
3668779,0.00070386747
3668780,0.0019881867
3668781,0.0027092
3668782,0.0021345345
3668783,0.0038947468
3668784,0.011194333
3668785,0.005070057
3668786,0.00533016
3668787,0.006727433
3668788,0.00046530575
3668789,0.008483643
3668790,0.0029075006
3668791,0.08546039
3668792,0.006375975
3668793,0.0142343175
3668794,0.002953996
3668795,0.025816396
3668796,0.00325047
3668797,0.002132076
3668798,0.0014991381
3668799,0.0013031518
3668800,0.0071630226
3668801,0.023473864
3668802,0.0027422807
3668803,0.0074533233
3668804,0.0017717732
3668805,0.0028226033
3668806,0.0035771197
3668807,0.0030271327
3668808,0.007471113
3668809,0.0020553048
3668810,0.007657482
3668811,0.004112858
3668812,0.0029058922
3668813,0.001180495
3668814,0.03151557
3668815,0.010592365
3668816,0.12417325
3668817,0.0010411638
3668818,0.0011580421
3668819,0.02556834
3668820,0.020693768
3668821,0.11146305
3668822,0.0019729985
3668823,0.0079212375
3668824,0.005762301
3668825,0.001345754
3668826,0.020693768
3668827,0.006181713
3668828,0.011081437
3668829,0.0048478614
3668830,0.0046889405
3668831,0.0025124575
3668832,0.005670696
3668833,0.0057493085
3668834,0.02608739
3668835,0.0013540406
3668836,0.21757512
3668837,0.0050733485
3668838,0.0016931639
3668839,0.003375783
3668840,0.025001263
3668841,0.0034036783
3668842,0.0016247273
3668843,0.003270002
3668844,0.0034767648
3668845,0.005343479
3668846,0.009608799
3668847,0.008437525
3668848,0.015701896
3668849,0.0016711011
3668850,0.0006417769
3668851,0.003555427
3668852,0.0008636946
3668853,0.009087193
3668854,0.0034506132
3668855,0.0019089782
3668856,0.0042117224
3668857,0.0015782334
3668858,0.0021971015
3668859,0.0051526255
3668860,0.0015476694
3668861,0.0011685487
3668862,0.00977394
3668863,0.012448996
3668864,0.0009187348
3668865,0.0031330958
3668866,0.013197106
3668867,0.0043522683
3668868,0.00050694123
3668869,0.005966895
3668870,0.0068792184
3668871,0.001428711
3668872,0.0010923201
3668873,0.0025170483
3668874,0.0035402116
3668875,0.002361509
3668876,0.005567213
3668877,0.0057699685
3668878,0.009581936
3668879,0.003445855
3668880,0.014243219
3668881,0.003956029
3668882,0.014605991
3668883,0.001966827
3668884,0.0028971347
3668885,0.0148529215
3668886,0.055175707
3668887,0.0006803997
3668888,0.0014322522
3668889,0.010908026
3668890,0.0022237403
3668891,0.012086804
3668892,0.008893864
3668893,0.017080482
3668894,0.0058422093
3668895,0.008542889
3668896,0.0022924382
3668897,0.003641761
3668898,0.010256649
3668899,0.015571232
3668900,0.03059584
3668901,0.083811395
3668902,0.0058355997
3668903,0.00069728243
3668904,0.0017802328
3668905,0.0022782527
3668906,0.008203348
3668907,0.001990364
3668908,0.0018844894
3668909,0.0003954683
3668910,0.0008455418
3668911,0.018310618
3668912,0.0044479975
3668913,0.0021565885
3668914,0.012282325
3668915,0.0013463328
3668916,0.019976337
3668917,0.004328618
3668918,0.0049803057
3668919,0.0037768378
3668920,0.033948522
3668921,0.015671046
3668922,0.009413132
3668923,0.00644766
3668924,0.0046153213
3668925,0.0014908364
3668926,0.0029761204
3668927,0.027560435
3668928,0.0072724586
3668929,0.006005215
3668930,0.100121684
3668931,0.0029648566
3668932,0.016070127
3668933,0.0010197316
3668934,0.0066967574
3668935,0.0015833813
3668936,0.005148562
3668937,0.32053545
3668938,0.021798851
3668939,0.0068188277
3668940,0.05464416
3668941,0.001852443
3668942,0.0044649537
3668943,0.012048397
3668944,0.0018975007
3668945,0.047607433
3668946,0.009437653
3668947,0.01678568
3668948,0.011530259
3668949,0.043294627
3668950,0.049263153
3668951,0.0021143348
3668952,0.0038266717
3668953,0.0074716327
3668954,0.0018922123
3668955,0.0013930147
3668956,0.0067139775
3668957,0.022336159
3668958,0.0008831039
3668959,0.019750727
3668960,0.009263881
3668961,0.0025122114
3668962,0.00093001826
3668963,0.006718081
3668964,0.009343604
3668965,0.0051671234
3668966,0.0067163245
3668967,0.0020134212
3668968,0.0033784742
3668969,0.0010430277
3668970,0.0017461543
3668971,0.013640947
3668972,0.007243375
3668973,0.0040332824
3668974,0.006268928
3668975,0.005272919
3668976,0.002159207
3668977,0.00032597303
3668978,0.018262133
3668979,0.09404397
3668980,0.006278932
3668981,0.008331081
3668982,0.003527742
3668983,0.03231232
3668984,0.119815305
3668985,0.11339504
3668986,0.0009851946
3668987,0.000605081
3668988,0.015089762
3668989,0.000865618
3668990,0.0010364307
3668991,0.0025229896
3668992,0.18126413
3668993,0.37586144
3668994,0.6678903
3668995,0.000975442
3668996,0.0044234786
3668997,0.04900689
3668998,0.67230624
3668999,0.22993378
3669000,0.008244741
3669001,0.69956166
3669002,0.0013927739
3669003,0.757317
3669004,0.007541139
3669005,0.17739865
3669006,0.00080957264
3669007,0.014005865
3669008,0.006057373
3669009,0.0010556092
3669010,0.0010077227
3669011,0.0054863417
3669012,0.00082466204
3669013,0.0021222127
3669014,0.0004711582
3669015,0.0046088677
3669016,0.0019229257
3669017,0.003070399
3669018,0.0010143134
3669019,0.0055143605
3669020,0.0010655737
3669021,0.0063891835
3669022,0.0015078377
3669023,0.023927394
3669024,0.0111570265
3669025,0.041207556
3669026,0.003100033
3669027,0.0033891872
3669028,0.036652338
3669029,0.00053167914
3669030,0.0018023391
3669031,0.006322499
3669032,0.0067151766
3669033,0.002369741
3669034,0.004893598
3669035,0.004143205
3669036,0.00073564996
3669037,0.000757171
3669038,0.011827847
3669039,0.005090261
3669040,0.019290984
3669041,0.015723133
3669042,0.018004108
3669043,0.0037082974
3669044,0.0015616064
3669045,0.004126903
3669046,0.042029995
3669047,0.0067587397
3669048,0.0035693983
3669049,0.013537025
3669050,0.0030742122
3669051,0.0021654777
3669052,0.0030777594
3669053,0.028023211
3669054,0.0029790818
3669055,0.0034716672
3669056,0.0029557294
3669057,0.008265779
3669058,0.0037345332
3669059,0.020776965
3669060,0.0023229613
3669061,0.024548018
3669062,0.03834987
3669063,0.028423348
3669064,0.02937349
3669065,0.08727447
3669066,0.013066794
3669067,0.0039751516
3669068,0.0023684225
3669069,0.016022606
3669070,0.023722641
3669071,0.0034057428
3669072,0.0013797245
3669073,0.02208681
3669074,0.01659226
3669075,0.0077749793
3669076,0.0035423317
3669077,0.00873158
3669078,0.13587299
3669079,0.29318595
3669080,0.005535595
3669081,0.004038795
3669082,0.0064612026
3669083,0.002514045
3669084,0.007948989
3669085,0.0012837314
3669086,0.002636531
3669087,0.0011476142
3669088,0.016331615
3669089,0.0030827557
3669090,0.011452093
3669091,0.01238925
3669092,0.007082864
3669093,0.0010583779
3669094,0.0192088
3669095,0.014635736
3669096,0.002772803
3669097,0.0013797876
3669098,0.0062965164
3669099,0.00061312935
3669100,0.0025844688
3669101,0.022046715
3669102,0.0035952898
3669103,0.005964279
3669104,0.0023252943
3669105,0.0008400632
3669106,0.19758843
3669107,0.00045972268
3669108,0.0843838
3669109,0.0009931689
3669110,0.00285982
3669111,0.023590423
3669112,0.0044076396
3669113,0.004474404
3669114,0.11192468
3669115,0.011369478
3669116,0.004287605
3669117,0.0026383784
3669118,0.2415133
3669119,0.00089364406
3669120,0.0010504879
3669121,0.0009329729
3669122,0.000762695
3669123,0.009062567
3669124,0.007040592
3669125,0.0021453511
3669126,0.0021453511
3669127,0.0007962366
3669128,0.0017765267
3669129,0.0022401412
3669130,0.017501807
3669131,0.0039417096
3669132,0.0011365024
3669133,0.003978062
3669134,0.018609462
3669135,0.0003390743
3669136,0.0016730917
3669137,0.002502462
3669138,0.0017277307
3669139,0.017012002
3669140,0.0002576775
3669141,0.025417536
3669142,0.0028131478
3669143,0.002755031
3669144,0.0014338557
3669145,0.09394885
3669146,0.002670653
3669147,0.013928179
3669148,0.0033618992
3669149,0.0052032485
3669150,0.0024150535
3669151,0.0014237256
3669152,0.0027496938
3669153,0.0012522867
3669154,0.019487916
3669155,0.002366295
3669156,0.00425611
3669157,0.023075758
3669158,0.0049687875
3669159,0.096742935
3669160,0.007592356
3669161,0.007219262
3669162,0.0034914499
3669163,0.0015244496
3669164,0.00036870808
3669165,0.0020662074
3669166,0.0020948132
3669167,0.006930429
3669168,0.006262509
3669169,0.0068556955
3669170,0.031973086
3669171,0.0016493512
3669172,0.0028772561
3669173,0.0027449997
3669174,0.0059324163
3669175,0.0010333419
3669176,0.0015485104
3669177,0.005024348
3669178,0.006632917
3669179,0.0005182704
3669180,0.0007945434
3669181,0.022722172
3669182,0.003315051
3669183,0.005377674
3669184,0.0073937313
3669185,0.00079137884
3669186,0.0062087905
3669187,0.040413756
3669188,0.00074486184
3669189,0.0012194129
3669190,0.0011723846
3669191,0.10949665
3669192,0.0031480195
3669193,0.0027033994
3669194,0.0028764685
3669195,0.011344325
3669196,0.004224112
3669197,0.011408068
3669198,0.0034703556
3669199,0.006783433
3669200,0.056852944
3669201,0.006507475
3669202,0.0061753304
3669203,0.0069702845
3669204,0.0024303244
3669205,0.0038003542
3669206,0.005572979
3669207,0.0012187504
3669208,0.009135991
3669209,0.025128778
3669210,0.0032811938
3669211,0.0005107686
3669212,0.019798527
3669213,0.046865027
3669214,0.0016041022
3669215,0.0037641402
3669216,0.00054331456
3669217,0.0039810217
3669218,0.002339003
3669219,0.0058422093
3669220,0.012944729
3669221,0.00073248835
3669222,0.001041641
3669223,0.0028969226
3669224,0.0028571372
3669225,0.007964884
3669226,0.0021841263
3669227,0.0015388158
3669228,0.002614614
3669229,0.0005869981
3669230,0.00825001
3669231,0.00096906116
3669232,0.0017575728
3669233,0.0059958664
3669234,0.0008539517
3669235,0.0006126691
3669236,0.0010798867
3669237,0.0049501746
3669238,0.009086643
3669239,0.009734468
3669240,0.0026124823
3669241,0.002473383
3669242,0.004463523
3669243,0.0035394228
3669244,0.0019743117
3669245,0.0052034627
3669246,0.002391548
3669247,0.0021705148
3669248,0.002802215
3669249,0.0023121047
3669250,0.018126277
3669251,0.0031481632
3669252,0.0014850893
3669253,0.045770004
3669254,0.004316102
3669255,0.01763673
3669256,0.006469412
3669257,0.012581921
3669258,0.010459857
3669259,0.12296899
3669260,0.023887891
3669261,0.001976409
3669262,0.011495387
3669263,0.0037545164
3669264,0.041276697
3669265,0.013420815
3669266,0.0022664107
3669267,0.01509882
3669268,0.0035444277
3669269,0.0026451629
3669270,0.0009577432
3669271,0.009690394
3669272,0.0015830579
3669273,0.001306908
3669274,0.0017787861
3669275,0.0009281354
3669276,0.20486417
3669277,0.00094977254
3669278,0.0026952496
3669279,0.0017266308
3669280,0.0046266736
3669281,0.039009787
3669282,0.083024055
3669283,0.008578747
3669284,0.00050928193
3669285,0.015708359
3669286,0.0064731976
3669287,0.012991654
3669288,0.0067675933
3669289,0.009502309
3669290,0.0032864579
3669291,0.0033819908
3669292,0.0064456654
3669293,0.0038437594
3669294,0.0022860232
3669295,0.0027825718
3669296,0.0034225706
3669297,0.0022360065
3669298,0.0019135973
3669299,0.0019529818
3669300,0.0031426852
3669301,0.0017932192
3669302,0.00073112943
3669303,0.0032800462
3669304,0.0013311901
3669305,0.015175246
3669306,0.008782371
3669307,0.005890097
3669308,0.0040001757
3669309,0.001394826
3669310,0.0005088671
3669311,0.0006269496
3669312,0.024070723
3669313,0.008427645
3669314,0.009491409
3669315,0.0016903598
3669316,0.0025004393
3669317,0.0044648475
3669318,0.009709284
3669319,0.006003442
3669320,0.003249219
3669321,0.017907305
3669322,0.01546017
3669323,0.054441683
3669324,0.006003442
3669325,0.0034503972
3669326,0.0028769786
3669327,0.0069282274
3669328,0.0006788546
3669329,0.008185808
3669330,0.09465874
3669331,0.014147851
3669332,0.0008323962
3669333,0.002238608
3669334,0.0015161675
3669335,0.032568008
3669336,0.021671731
3669337,0.0056052874
3669338,0.0012423126
3669339,0.0038735026
3669340,0.0018041907
3669341,0.0026390625
3669342,0.0029937823
3669343,0.0006475846
3669344,0.002559076
3669345,0.00044028065
3669346,0.0013573497
3669347,0.0034776307
3669348,0.002342826
3669349,0.0039709928
3669350,0.0122279115
3669351,0.019403588
3669352,0.0039131986
3669353,0.012124298
3669354,0.0004987714
3669355,0.0052646715
3669356,0.0060178633
3669357,0.0028034106
3669358,0.017780032
3669359,0.0070753903
3669360,0.0051799803
3669361,0.012743676
3669362,0.014256762
3669363,0.0042184736
3669364,0.012876384
3669365,0.003286305
3669366,0.0008952837
3669367,0.00053286506
3669368,0.0011216754
3669369,0.0028390288
3669370,0.0011483293
3669371,0.004899609
3669372,0.0026512798
3669373,0.00039962033
3669374,0.00064487715
3669375,0.037426755
3669376,0.0037310768
3669377,0.0013227849
3669378,0.015810836
3669379,0.0062326323
3669380,0.0047980784
3669381,0.017504506
3669382,0.0074672066
3669383,0.006657787
3669384,0.008720448
3669385,0.020102
3669386,0.001649235
3669387,0.009375998
3669388,0.02077178
3669389,0.0026751654
3669390,0.012631722
3669391,0.008814708
3669392,0.011470694
3669393,0.002190929
3669394,0.009853978
3669395,0.001271221
3669396,0.0022592559
3669397,0.0030157065
3669398,0.0052229767
3669399,0.01691726
3669400,0.030582048
3669401,0.0006587565
3669402,0.0025674002
3669403,0.0017157005
3669404,0.0031843388
3669405,0.014945752
3669406,0.0018526026
3669407,0.0014192294
3669408,0.006114569
3669409,0.09029277
3669410,0.026704244
3669411,0.0026027595
3669412,0.08835537
3669413,0.0016731444
3669414,0.0011774848
3669415,0.003434929
3669416,0.0007222545
3669417,0.009297842
3669418,0.00062088785
3669419,0.045730617
3669420,0.0019134652
3669421,0.018319054
3669422,0.016014112
3669423,0.023490533
3669424,0.0024408696
3669425,0.037745077
3669426,0.0020401622
3669427,0.010850536
3669428,0.0014835021
3669429,0.0022055777
3669430,0.0003511926
3669431,0.010156624
3669432,0.0048529822
3669433,0.0023723645
3669434,0.0018898408
3669435,0.0046975226
3669436,0.0049801026
3669437,0.0026676229
3669438,0.0028039399
3669439,0.0051971823
3669440,0.0006415029
3669441,0.0018905507
3669442,0.0018736754
3669443,0.0088338675
3669444,0.0025122114
3669445,0.0021750925
3669446,0.005499702
3669447,0.0022035628
3669448,0.0023360092
3669449,0.0020652195
3669450,0.01043413
3669451,0.0008031654
3669452,0.0029642277
3669453,0.003215943
3669454,0.0004249403
3669455,0.0050987224
3669456,0.005771588
3669457,0.0048648473
3669458,0.0040695714
3669459,0.0014277643
3669460,0.0012037818
3669461,0.0005624372
3669462,0.0034299984
3669463,0.000840249
3669464,0.0043614935
3669465,0.0064828955
3669466,0.0008074971
3669467,0.006156081
3669468,0.17718665
3669469,0.0021520867
3669470,0.007099288
3669471,0.0066253273
3669472,0.009459276
3669473,0.013134869
3669474,0.004832599
3669475,0.000894089
3669476,0.016567497
3669477,0.0015806676
3669478,0.0024605233
3669479,0.018925332
3669480,0.0057724253
3669481,0.008586456
3669482,0.011734559
3669483,0.026271872
3669484,0.004864349
3669485,0.001845013
3669486,0.034794964
3669487,0.014596187
3669488,0.0016805473
3669489,0.005795255
3669490,0.0017781738
3669491,0.0015318067
3669492,0.007781251
3669493,0.08624505
3669494,0.0010342238
3669495,0.04522017
3669496,0.004112403
3669497,0.004651479
3669498,0.009552517
3669499,0.0018645854
3669500,0.02892253
3669501,0.017737852
3669502,0.06880264
3669503,0.00031047344
3669504,0.016370868
3669505,0.0033737123
3669506,0.0072415653
3669507,0.016994124
3669508,0.0009967041
3669509,0.0033009078
3669510,0.005247153
3669511,0.031618044
3669512,0.0051008905
3669513,0.047677208
3669514,0.0027605481
3669515,0.0015849997
3669516,0.004021061
3669517,0.0008937121
3669518,0.005546694
3669519,0.0056753247
3669520,0.008961656
3669521,0.0131370565
3669522,0.0015873505
3669523,0.0088015115
3669524,0.011585649
3669525,0.0014085397
3669526,0.0026732031
3669527,0.0035856836
3669528,0.0021229943
3669529,0.00057127536
3669530,0.0006372702
3669531,0.0014714075
3669532,0.0009128081
3669533,0.0022645774
3669534,0.0034874638
3669535,0.0011714174
3669536,0.0005174964
3669537,0.001236524
3669538,0.0015581554
3669539,0.0043522436
3669540,0.013629219
3669541,0.0075311
3669542,0.0019274775
3669543,0.0005584621
3669544,0.00054158375
3669545,0.0016838297
3669546,0.00096075697
3669547,0.00533369
3669548,0.001086202
3669549,0.0018216686
3669550,0.0050419807
3669551,0.0023909516
3669552,0.14379731
3669553,0.0029836074
3669554,0.007254779
3669555,0.007938587
3669556,0.038384352
3669557,0.00432242
3669558,0.00052751915
3669559,0.004457408
3669560,0.016466461
3669561,0.01083958
3669562,0.009664196
3669563,0.0021443123
3669564,0.00093463744
3669565,0.0023624485
3669566,0.016301896
3669567,0.01184896
3669568,0.0052871485
3669569,0.050801117
3669570,0.00347202
3669571,0.0020822336
3669572,0.0015106832
3669573,0.08106566
3669574,0.0035878583
3669575,0.0044479617
3669576,0.0022217436
3669577,0.004317651
3669578,0.01469184
3669579,0.0025708778
3669580,0.001474812
3669581,0.001696878
3669582,0.0040917094
3669583,0.0006842043
3669584,0.0032650046
3669585,0.0012647333
3669586,0.005104049
3669587,0.014724878
3669588,0.0054375497
3669589,0.017562496
3669590,0.0066100396
3669591,0.0007545908
3669592,0.0033569564
3669593,0.012267213
3669594,0.0019002805
3669595,0.036807727
3669596,0.0066930475
3669597,0.011828767
3669598,0.005055101
3669599,0.0040765656
3669600,0.017609932
3669601,0.0034489527
3669602,0.02307513
3669603,0.0022539792
3669604,0.00042535167
3669605,0.0018551869
3669606,0.002310049
3669607,0.017752755
3669608,0.0015991887
3669609,0.009288307
3669610,0.0025180194
3669611,0.009185939
3669612,0.0041563166
3669613,0.0021111812
3669614,0.006222109
3669615,0.0027043857
3669616,0.0023163345
3669617,0.0079558585
3669618,0.00084354973
3669619,0.0032309133
3669620,0.0038676437
3669621,0.0054328972
3669622,0.002721257
3669623,0.002413378
3669624,0.0027127077
3669625,0.0132603785
3669626,0.0025882488
3669627,0.0008720937
3669628,0.00070894137
3669629,0.0032961376
3669630,0.0012890429
3669631,0.004062533
3669632,0.0030369558
3669633,0.0019510252
3669634,0.012392763
3669635,0.0009594288
3669636,0.0048457175
3669637,0.0027171436
3669638,0.0048369737
3669639,0.0010796249
3669640,0.0017557056
3669641,0.003686716
3669642,0.0010821028
3669643,0.011245287
3669644,0.00298843
3669645,0.0028552292
3669646,0.005470504
3669647,0.0022338054
3669648,0.0184297
3669649,0.0025317639
3669650,0.0006098723
3669651,0.0097812805
3669652,0.0039599864
3669653,0.00069455063
3669654,0.004769343
3669655,0.0018460302
3669656,0.0073133567
3669657,0.0011376451
3669658,0.010214718
3669659,0.017592872
3669660,0.001460582
3669661,0.0005293473
3669662,0.0014570873
3669663,0.00045267152
3669664,0.0011712026
3669665,0.005599313
3669666,0.03441225
3669667,0.0053396914
3669668,0.00077035045
3669669,0.0010140946
3669670,0.0060905176
3669671,0.0035426938
3669672,0.004833342
3669673,0.0012164778
3669674,0.0032954297
3669675,0.003296874
3669676,0.00040233583
3669677,0.008417704
3669678,0.00093623734
3669679,0.0009834666
3669680,0.004072392
3669681,0.0023814486
3669682,0.030532908
3669683,0.013824081
3669684,0.0028265975
3669685,0.006509057
3669686,0.021227632
3669687,0.00067588215
3669688,0.0024405944
3669689,0.0028918474
3669690,0.0029801526
3669691,0.009875799
3669692,0.004675625
3669693,0.0017619804
3669694,0.0034380236
3669695,0.0019764728
3669696,0.012321847
3669697,0.0004026777
3669698,0.0008842882
3669699,0.004148225
3669700,0.0024483115
3669701,0.014909626
3669702,0.0135265365
3669703,0.012041748
3669704,0.0008189775
3669705,0.00042338984
3669706,0.0016322465
3669707,0.00040996494
3669708,0.0030045875
3669709,0.008214408
3669710,0.0018684639
3669711,0.0015410447
3669712,0.0073691458
3669713,0.0050909785
3669714,0.016025824
3669715,0.010204536
3669716,0.004048966
3669717,0.0036557973
3669718,0.008652387
3669719,0.0011938802
3669720,0.0035783297
3669721,0.008528813
3669722,0.08546039
3669723,0.0014329016
3669724,0.0014972548
3669725,0.003683444
3669726,0.0038383116
3669727,0.010194773
3669728,0.002139003
3669729,0.006075446
3669730,0.030505115
3669731,0.00038439414
3669732,0.004964619
3669733,0.0060790754
3669734,0.104045205
3669735,0.0019653684
3669736,0.013772982
3669737,0.0018148248
3669738,0.0046699545
3669739,0.0025297345
3669740,0.00069046486
3669741,0.0021507037
3669742,0.0008029042
3669743,0.0008239936
3669744,0.0045307046
3669745,0.0011490838
3669746,0.0011334561
3669747,0.0023868936
3669748,0.0006313575
3669749,0.0095474655
3669750,0.0072119245
3669751,0.0002940606
3669752,0.0035968889
3669753,0.027755814
3669754,0.017781181
3669755,0.0018920475
3669756,0.08546039
3669757,0.01133294
3669758,0.057755146
3669759,0.007646181
3669760,0.0015840078
3669761,0.081133604
3669762,0.0007936444
3669763,0.00054443197
3669764,0.010887801
3669765,0.0006010219
3669766,0.21841429
3669767,0.020860175
3669768,0.0010712796
3669769,0.0032297755
3669770,0.008155585
3669771,0.004617569
3669772,0.0030989146
3669773,0.005945988
3669774,0.0018797161
3669775,0.007538328
3669776,0.0034984895
3669777,0.0005182827
3669778,0.004043917
3669779,0.010532301
3669780,0.0020834259
3669781,0.044435624
3669782,0.0016336754
3669783,0.000985256
3669784,0.0019080018
3669785,0.0016696189
3669786,0.0105671175
3669787,0.0008701
3669788,0.0012992406
3669789,0.0016908337
3669790,0.0004928161
3669791,0.0015850639
3669792,0.0046933913
3669793,0.011394105
3669794,0.0050240643
3669795,0.005617439
3669796,0.00031590188
3669797,0.021905564
3669798,0.0021035892
3669799,0.0027255323
3669800,0.0038444535
3669801,0.0038713617
3669802,0.052080076
3669803,0.03728245
3669804,0.0019781487
3669805,0.0025862728
3669806,0.0017814499
3669807,0.0034446076
3669808,0.0048672925
3669809,0.0029803992
3669810,0.007924176
3669811,0.009367622
3669812,0.008567167
3669813,0.005492946
3669814,0.0018701418
3669815,0.0065712337
3669816,0.014071266
3669817,0.08868343
3669818,0.008045904
3669819,0.0061317105
3669820,0.003972789
3669821,0.002703303
3669822,0.0059791114
3669823,0.0013857662
3669824,0.0017295552
3669825,0.0012241773
3669826,0.00077967136
3669827,0.004415751
3669828,0.0061736535
3669829,0.0081994375
3669830,0.0038338164
3669831,0.0024562166
3669832,0.0034537993
3669833,0.003934923
3669834,0.0013573839
3669835,0.023015901
3669836,0.00089820806
3669837,0.0011402398
3669838,0.0031077967
3669839,0.0036201715
3669840,0.002703303
3669841,0.0046458202
3669842,0.000314563
3669843,0.001471666
3669844,0.0055098203
3669845,0.0024770494
3669846,0.0052503995
3669847,0.0006610775
3669848,0.003345531
3669849,0.0028820662
3669850,0.0026857378
3669851,0.004232168
3669852,0.001593055
3669853,0.0031916653
3669854,0.0038904278
3669855,0.045993734
3669856,0.0022996431
3669857,0.0055865757
3669858,0.011426442
3669859,0.0005928224
3669860,0.0010273091
3669861,0.0058420845
3669862,0.0028557205
3669863,0.003911801
3669864,0.0004957079
3669865,0.0017730042
3669866,0.0061654584
3669867,0.007419381
3669868,0.00202497
3669869,0.004853657
3669870,0.0029234067
3669871,0.0017426842
3669872,0.003206465
3669873,0.0067139775
3669874,0.0022878947
3669875,0.0051651406
3669876,0.011830768
3669877,0.008409959
3669878,0.006594265
3669879,0.005092536
3669880,0.018234983
3669881,0.0014902572
3669882,0.00077360676
3669883,0.0009931774
3669884,0.014687802
3669885,0.0051941164
3669886,0.0006464768
3669887,0.0042576464
3669888,0.007418507
3669889,0.0013801003
3669890,0.010740689
3669891,0.0028638833
3669892,0.0005464887
3669893,0.027701123
3669894,0.0010645114
3669895,0.00255546
3669896,0.00787541
3669897,0.0036185759
3669898,0.0061526336
3669899,0.010815025
3669900,0.010366401
3669901,0.019272737
3669902,0.0073365904
3669903,0.003456894
3669904,0.02444036
3669905,0.014220982
3669906,0.0031056746
3669907,0.0026555073
3669908,0.1964902
3669909,0.00057254004
3669910,0.0005367878
3669911,0.0014128839
3669912,0.0060210386
3669913,0.0071058557
3669914,0.007059967
3669915,0.0037242076
3669916,0.001835051
3669917,0.002362816
3669918,0.0012444224
3669919,0.0025686314
3669920,0.009079772
3669921,0.006944459
3669922,0.063060254
3669923,0.013305876
3669924,0.0013233961
3669925,0.011804813
3669926,0.12612543
3669927,0.007596737
3669928,0.0051919585
3669929,0.0009003845
3669930,0.0017819911
3669931,0.00816528
3669932,0.0061633145
3669933,0.009679953
3669934,0.0023009037
3669935,0.0027803658
3669936,0.0036019478
3669937,0.0025799028
3669938,0.0014216026
3669939,0.002771054
3669940,0.0027605481
3669941,0.0013501786
3669942,0.014676578
3669943,0.002909253
3669944,0.018133853
3669945,0.0028246534
3669946,0.003907313
3669947,0.0074918475
3669948,0.0072841174
3669949,0.010450711
3669950,0.0037817245
3669951,0.0012975162
3669952,0.017733723
3669953,0.013374458
3669954,0.0012460528
3669955,0.004331253
3669956,0.0008957257
3669957,0.006951562
3669958,0.014012801
3669959,0.0056985593
3669960,0.0015748695
3669961,0.0007817805
3669962,0.002725331
3669963,0.03424955
3669964,0.0024156384
3669965,0.00075696287
3669966,0.006370672
3669967,0.0042093312
3669968,0.009898971
3669969,0.009726647
3669970,0.0012257501
3669971,0.0064863027
3669972,0.00424391
3669973,0.003356398
3669974,0.0029126948
3669975,0.013334537
3669976,0.0025234746
3669977,0.0137268705
3669978,0.007635357
3669979,0.0062276577
3669980,0.012348272
3669981,0.0011736294
3669982,0.010821812
3669983,0.0004468967
3669984,0.014630353
3669985,0.013580968
3669986,0.004253391
3669987,0.008466041
3669988,0.0011252584
3669989,0.0040888423
3669990,0.008829126
3669991,0.0006794575
3669992,0.0006829915
3669993,0.016369777
3669994,0.0049082646
3669995,0.015438332
3669996,0.0026261515
3669997,0.008369417
3669998,0.019141164
3669999,0.0007433323
3670000,0.0009850675
3670001,0.0020733252
3670002,0.04835939
3670003,0.0030451834
3670004,0.0012662412
3670005,0.00735832
3670006,0.00081091345
3670007,0.0012897428
3670008,0.1825703
3670009,0.00039015897
3670010,0.0047373064
3670011,0.0018650627
3670012,0.002912843
3670013,0.0010494946
3670014,0.006402705
3670015,0.0032679106
3670016,0.016819024
3670017,0.0012841992
3670018,0.004488065
3670019,0.0013454139
3670020,0.006021746
3670021,0.0026631078
3670022,0.00455486
3670023,0.023153367
3670024,0.010251229
3670025,0.007949587
3670026,0.015940247
3670027,0.0024062227
3670028,0.0023903432
3670029,0.004859059
3670030,0.0051204655
3670031,0.0062272563
3670032,0.014870333
3670033,0.0020983985
3670034,0.012847229
3670035,0.0050222767
3670036,0.01890837
3670037,0.0025482578
3670038,0.03507057
3670039,0.0029439407
3670040,0.010821812
3670041,0.011244931
3670042,0.0025089479
3670043,0.0026275471
3670044,0.004185103
3670045,0.013638933
3670046,0.0032643713
3670047,0.049363628
3670048,0.025258975
3670049,0.005189117
3670050,0.006641449
3670051,0.0041892384
3670052,0.003359786
3670053,0.004343646
3670054,0.017797804
3670055,0.0015643948
3670056,0.004510542
3670057,0.008553538
3670058,0.0038599942
3670059,0.004525228
3670060,0.0075167576
3670061,0.00074348925
3670062,0.0030961493
3670063,0.0041590654
3670064,0.08961504
3670065,0.0018918404
3670066,0.00075354706
3670067,0.013184408
3670068,0.006496765
3670069,0.0054519502
3670070,0.0028183092
3670071,0.03941711
3670072,0.0008998343
3670073,0.001913489
3670074,0.005275105
3670075,0.00057831715
3670076,0.001679626
3670077,0.006048737
3670078,0.0018041579
3670079,0.022752432
3670080,0.0032639322
3670081,0.09013537
3670082,0.032803353
3670083,0.023323398
3670084,0.0015503007
3670085,0.0013070673
3670086,0.0052965963
3670087,0.0008887901
3670088,0.0017615376
3670089,0.0004764614
3670090,0.0007292253
3670091,0.0031183404
3670092,0.019399025
3670093,0.011072719
3670094,0.0040750504
3670095,0.0009365121
3670096,0.0019212726
3670097,0.0026763857
3670098,0.0019017924
3670099,0.0056181634
3670100,0.0014729586
3670101,0.0021836462
3670102,0.0022761684
3670103,0.003214444
3670104,0.07723659
3670105,0.002864631
3670106,0.0053570317
3670107,0.003865069
3670108,0.008252722
3670109,0.0076732635
3670110,0.0021093625
3670111,0.0069398535
3670112,0.10385127
3670113,0.0013271916
3670114,0.005341216
3670115,0.0015979003
3670116,0.0006468379
3670117,0.0007331399
3670118,0.002474202
3670119,0.0032427146
3670120,0.0019651356
3670121,0.0008607386
3670122,0.010629539
3670123,0.006636641
3670124,0.002779952
3670125,0.0063681463
3670126,0.003965041
3670127,0.00774299
3670128,0.009762666
3670129,0.020529758
3670130,0.00424391
3670131,0.0014736378
3670132,0.00055506604
3670133,0.0024441925
3670134,0.0035820892
3670135,0.004124047
3670136,0.03488807
3670137,0.0027436896
3670138,0.0010888387
3670139,0.0034394257
3670140,0.012944145
3670141,0.0010986174
3670142,0.002903554
3670143,0.00450568
3670144,0.015731307
3670145,0.044026587
3670146,0.006588273
3670147,0.001474103
3670148,0.0038168775
3670149,0.005333387
3670150,0.0107236225
3670151,0.009616166
3670152,0.02512875
3670153,0.0044553643
3670154,0.01621407
3670155,0.0008684517
3670156,0.012773611
3670157,0.0029879652
3670158,0.0020220967
3670159,0.0039074
3670160,0.017975416
3670161,0.0013230483
3670162,0.0023307854
3670163,0.0020287344
3670164,0.001066889
3670165,0.10142549
3670166,0.0014763267
3670167,0.0018134243
3670168,0.007853337
3670169,0.00784621
3670170,0.0038466125
3670171,0.0023915274
3670172,0.0015316237
3670173,0.008252512
3670174,0.1265535
3670175,0.0018570836
3670176,0.0061922157
3670177,0.0013317196
3670178,0.008274528
3670179,0.12185624
3670180,0.012261829
3670181,0.0004987094
3670182,0.002949131
3670183,0.04941286
3670184,0.00082890724
3670185,0.0007909159
3670186,0.0018437261
3670187,0.02568137
3670188,0.005418531
3670189,0.021151723
3670190,0.0032288407
3670191,0.0038082807
3670192,0.1216979
3670193,0.005730323
3670194,0.012647604
3670195,0.0031903884
3670196,0.023679623
3670197,0.012539063
3670198,0.0029207019
3670199,0.0027133476
3670200,0.0030986613
3670201,0.05681307
3670202,0.0014161688
3670203,0.0014058179
3670204,0.016389145
3670205,0.00080316473
3670206,0.036952585
3670207,0.03982112
3670208,0.0055651222
3670209,0.009787563
3670210,0.0057570003
3670211,0.001145491
3670212,0.0011926378
3670213,0.0023443333
3670214,0.0018570836
3670215,0.00090770196
3670216,0.009009987
3670217,0.045635417
3670218,0.0041941246
3670219,0.0068552084
3670220,0.00293054
3670221,0.0017061374
3670222,0.0059354734
3670223,0.0025518432
3670224,0.014359931
3670225,0.006587924
3670226,0.001741757
3670227,0.0032949192
3670228,0.0027605481
3670229,0.0008807623
3670230,0.00160591
3670231,0.011317755
3670232,0.003347013
3670233,0.0015438169
3670234,0.008499971
3670235,0.00069341116
3670236,0.0044791857
3670237,0.003783392
3670238,0.0014217043
3670239,0.0017998369
3670240,0.004201713
3670241,0.050991494
3670242,0.00042156686
3670243,0.003525401
3670244,0.014551413
3670245,0.0008754114
3670246,0.0012702117
3670247,0.00082356343
3670248,0.0022256465
3670249,0.009696257
3670250,0.005515982
3670251,0.01298191
3670252,0.038151797
3670253,0.0052249664
3670254,0.0021110463
3670255,0.0034708655
3670256,0.004150747
3670257,0.0030392248
3670258,0.0047890632
3670259,0.004326473
3670260,0.00885519
3670261,0.01223403
3670262,0.0023915274
3670263,0.013259861
3670264,0.0014284321
3670265,0.005781932
3670266,0.0016604222
3670267,0.005693007
3670268,0.0054640817
3670269,0.0095301075
3670270,0.010591795
3670271,0.005348339
3670272,0.005215646
3670273,0.03210307
3670274,0.0049181306
3670275,0.0033134017
3670276,0.0047727707
3670277,0.008072278
3670278,0.0075822556
3670279,0.0021217663
3670280,0.0022596808
3670281,0.020952756
3670282,0.006051599
3670283,0.06513768
3670284,0.006152199
3670285,0.001863236
3670286,0.0037725128
3670287,0.7303151
3670288,0.015707675
3670289,0.0016941815
3670290,0.0052854666
3670291,0.010097848
3670292,0.012835749
3670293,0.004106636
3670294,0.0007096471
3670295,0.030177506
3670296,0.0019290332
3670297,0.019692391
3670298,0.030690977
3670299,0.0033850907
3670300,0.0026561248
3670301,0.004877748
3670302,0.002524938
3670303,0.017245226
3670304,0.0019586838
3670305,0.005182438
3670306,0.006153062
3670307,0.009476077
3670308,0.06811104
3670309,0.008055084
3670310,0.0028224115
3670311,0.0011322895
3670312,0.009866025
3670313,0.0011548465
3670314,0.011674911
3670315,0.0034199206
3670316,0.005510123
3670317,0.009278576
3670318,0.003071942
3670319,0.004223153
3670320,0.00224263
3670321,0.002565573
3670322,0.013856596
3670323,0.0020922588
3670324,0.00085952773
3670325,0.0008152304
3670326,0.016695738
3670327,0.005765473
3670328,0.0018930925
3670329,0.005195193
3670330,0.005410073
3670331,0.0016216363
3670332,0.0048857024
3670333,0.046199255
3670334,0.001345818
3670335,0.03806238
3670336,0.0009871959
3670337,0.00896507
3670338,0.00587189
3670339,0.030532956
3670340,0.0051978603
3670341,0.0012341917
3670342,0.0038993245
3670343,0.0053125606
3670344,0.0010228144
3670345,0.002909579
3670346,0.001357172
3670347,0.0030820288
3670348,0.033948522
3670349,0.011036057
3670350,0.0028054016
3670351,0.0047533563
3670352,0.007807033
3670353,0.019818889
3670354,0.0027015733
3670355,0.0012511839
3670356,0.004759903
3670357,0.0021361785
3670358,0.0033726993
3670359,0.0026532437
3670360,0.007338907
3670361,0.01329719
3670362,0.002310748
3670363,0.0040488658
3670364,0.012538277
3670365,0.006172124
3670366,0.021241274
3670367,0.00082726206
3670368,0.0024187267
3670369,0.0041894014
3670370,0.001357201
3670371,0.014125269
3670372,0.0119354855
3670373,0.11658593
3670374,0.004005839
3670375,0.00077145017
3670376,0.0021406107
3670377,0.0024527234
3670378,0.03181861
3670379,0.013919509
3670380,0.0034034678
3670381,0.010138568
3670382,0.0046801763
3670383,0.0024739008
3670384,0.0040188576
3670385,0.0016113536
3670386,0.0011395199
3670387,0.0024065834
3670388,0.0011370383
3670389,0.0008407263
3670390,0.0038729399
3670391,0.0015515767
3670392,0.002456476
3670393,0.003686809
3670394,0.00049501
3670395,0.0018110262
3670396,0.002287799
3670397,0.0024538077
3670398,0.024575641
3670399,0.0012539655
3670400,0.005923983
3670401,0.0012741236
3670402,0.0022265108
3670403,0.0025540397
3670404,0.0010536681
3670405,0.0035616457
3670406,0.009167153
3670407,0.0059055598
3670408,0.003996685
3670409,0.0064200344
3670410,0.015470736
3670411,0.0014420308
3670412,0.004091486
3670413,0.21928148
3670414,0.0044430676
3670415,0.0060838247
3670416,0.0052660177
3670417,0.0009955501
3670418,0.0020584704
3670419,0.0048457175
3670420,0.0054778536
3670421,0.013217428
3670422,0.0012649543
3670423,0.0011788915
3670424,0.007977625
3670425,0.0054407534
3670426,0.0026006757
3670427,0.0012682581
3670428,0.0019279822
3670429,0.009479568
3670430,0.0008191601
3670431,0.005528313
3670432,0.0031815034
3670433,0.0019980813
3670434,0.02206783
3670435,0.0050978637
3670436,0.0012513805
3670437,0.0013801003
3670438,0.017468745
3670439,0.002274153
3670440,0.018804299
3670441,0.0075829946
3670442,0.009018208
3670443,0.0040243813
3670444,0.0024551526
3670445,0.008478526
3670446,0.0010924829
3670447,0.0009116916
3670448,0.010178983
3670449,0.010530338
3670450,0.009401121
3670451,0.010218121
3670452,0.032154948
3670453,0.0023570086
3670454,0.0029721837
3670455,0.0056985593
3670456,0.0017273213
3670457,0.008294873
3670458,0.008769039
3670459,0.0025240062
3670460,0.0012862032
3670461,0.0014300504
3670462,0.020518864
3670463,0.004900946
3670464,0.0006619324
3670465,0.004037466
3670466,0.018376965
3670467,0.0051004253
3670468,0.00076343457
3670469,0.0011141946
3670470,0.04156891
3670471,0.0065323855
3670472,0.0030543692
3670473,0.016133765
3670474,0.007198745
3670475,0.004502223
3670476,0.014756429
3670477,0.0033478928
3670478,0.023896692
3670479,0.00035151618
3670480,0.0043286323
3670481,0.0024610267
3670482,0.0019516468
3670483,0.059845917
3670484,0.035204753
3670485,0.01672817
3670486,0.0057899854
3670487,0.0010306941
3670488,0.0018111194
3670489,0.0036829994
3670490,0.00064664223
3670491,0.008306762
3670492,0.0019621714
3670493,0.001134686
3670494,0.002419126
3670495,0.0015773404
3670496,0.012647568
3670497,0.0041757133
3670498,0.0037293066
3670499,0.012721989
3670500,0.0017601672
3670501,0.017960953
3670502,0.0039984453
3670503,0.0022896456
3670504,0.0066797836
3670505,0.0010244338
3670506,0.002827098
3670507,0.0018884176
3670508,0.0033461289
3670509,0.0020607156
3670510,0.006474176
3670511,0.0019209618
3670512,0.0028849726
3670513,0.022386806
3670514,0.039479066
3670515,0.01208902
3670516,0.0077021127
3670517,0.003613518
3670518,0.0063555287
3670519,0.0015528359
3670520,0.025358178
3670521,0.005521889
3670522,0.0022669672
3670523,0.002510729
3670524,0.013060621
3670525,0.001176543
3670526,0.0012696922
3670527,0.0009866054
3670528,0.0014172514
3670529,0.0076343445
3670530,0.0018884114
3670531,0.0019862782
3670532,0.012343939
3670533,0.003417487
3670534,0.0037940338
3670535,0.0022028869
3670536,0.0011176846
3670537,0.039479066
3670538,0.002696906
3670539,0.0039395667
3670540,0.0037368918
3670541,0.0016550267
3670542,0.0025829636
3670543,0.0037817964
3670544,0.002924883
3670545,0.025880001
3670546,0.044739973
3670547,0.0035578522
3670548,0.0018694984
3670549,0.0011652979
3670550,0.023787484
3670551,0.0038570708
3670552,0.0021134175
3670553,0.01971263
3670554,0.0035060633
3670555,0.0014518892
3670556,0.0028891044
3670557,0.031825364
3670558,0.003010943
3670559,0.0053531867
3670560,0.005267219
3670561,0.0012056131
3670562,0.016974779
3670563,0.0012377388
3670564,0.009097198
3670565,0.0015024149
3670566,0.0030979542
3670567,0.008745074
3670568,0.00777969
3670569,0.0010370925
3670570,0.0010630317
3670571,0.0041427035
3670572,0.0013610221
3670573,0.0014837633
3670574,0.008553153
3670575,0.07678209
3670576,0.0070769177
3670577,0.02812149
3670578,0.0011428348
3670579,0.0018989055
3670580,0.0021294523
3670581,0.0015689192
3670582,0.00066834304
3670583,0.0015639145
3670584,0.004713018
3670585,0.0038841148
3670586,0.0033521832
3670587,0.0011306012
3670588,0.0015841812
3670589,0.004096846
3670590,0.008417585
3670591,0.0030104993
3670592,0.0023910052
3670593,0.0035138216
3670594,0.0035138216
3670595,0.0072941277
3670596,0.013306503
3670597,0.074312285
3670598,0.001960898
3670599,0.004921679
3670600,0.0072251908
3670601,0.01797046
3670602,0.0065215235
3670603,0.0044224807
3670604,0.02027745
3670605,0.0025562625
3670606,0.010033638
3670607,0.0009817858
3670608,0.020088978
3670609,0.019919185
3670610,0.00060351094
3670611,0.0014707405
3670612,0.0036024032
3670613,0.014464102
3670614,0.0008137794
3670615,0.012657004
3670616,0.00031323396
3670617,0.0023502435
3670618,0.0020120102
3670619,0.0007522652
3670620,0.005705753
3670621,0.0065351618
3670622,0.011778542
3670623,0.031224065
3670624,0.0014247205
3670625,0.0017479431
3670626,0.0035794282
3670627,0.012068297
3670628,0.002044554
3670629,0.007179862
3670630,0.0034227283
3670631,0.01212098
3670632,0.0046878103
3670633,0.0025753153
3670634,0.0036490145
3670635,0.0046108677
3670636,0.0037963812
3670637,0.0072013284
3670638,0.002565263
3670639,0.007244058
3670640,0.022904009
3670641,0.010108349
3670642,0.002022621
3670643,0.014832061
3670644,0.03143135
3670645,0.15873039
3670646,0.0097499015
3670647,0.045491643
3670648,0.04840967
3670649,0.0027470512
3670650,0.007905414
3670651,0.02034615
3670652,0.004867616
3670653,0.021667682
3670654,0.0030198812
3670655,0.008802539
3670656,0.08946312
3670657,0.007039429
3670658,0.0028198934
3670659,0.001485987
3670660,0.0033242567
3670661,0.024839476
3670662,0.0056129927
3670663,0.0011351067
3670664,0.013300051
3670665,0.0052093975
3670666,0.80384445
3670667,0.0011287858
3670668,0.012172722
3670669,0.96862644
3670670,0.0006462775
3670671,0.009393703
3670672,0.9837668
3670673,0.981386
3670674,0.006292758
3670675,0.004259543
3670676,0.016268943
3670677,0.0042837695
3670678,0.0082225315
3670679,0.8006602
3670680,0.009578918
3670681,0.001684252
3670682,0.0068211337
3670683,0.5056358
3670684,0.0026353637
3670685,0.0032336093
3670686,0.006079942
3670687,0.0015169595
3670688,0.0804418
3670689,0.005272536
3670690,0.0013242238
3670691,0.006901749
3670692,0.0018458026
3670693,0.0032811938
3670694,0.007942618
3670695,0.0009375303
3670696,0.0005841071
3670697,0.007247141
3670698,0.0035581007
3670699,0.004546955
3670700,0.0041343803
3670701,0.0056060557
3670702,0.00088394404
3670703,0.0013309892
3670704,0.095091045
3670705,0.027197687
3670706,0.14941764
3670707,0.0015205852
3670708,0.00849844
3670709,0.038878005
3670710,0.0021561147
3670711,0.00083820615
3670712,0.0014763655
3670713,0.0011238663
3670714,0.03481635
3670715,0.0033873422
3670716,0.0008698919
3670717,0.0018767009
3670718,0.011805658
3670719,0.0068078316
3670720,0.0045340564
3670721,0.001593193
3670722,0.0016623986
3670723,0.00035660702
3670724,0.0042604026
3670725,0.008758133
3670726,0.0008526336
3670727,0.0041427426
3670728,0.0049819746
3670729,0.0034111054
3670730,0.0012610279
3670731,0.009442451
3670732,0.0047882637
3670733,0.0011152697
3670734,0.0059987972
3670735,0.0199766
3670736,0.010298891
3670737,0.0038179765
3670738,0.0029047802
3670739,0.009864968
3670740,0.0005894759
3670741,0.0036239938
3670742,0.017018374
3670743,0.0011718464
3670744,0.001772767
3670745,0.0054463116
3670746,0.021647822
3670747,0.0007310302
3670748,0.017517721
3670749,0.0013400358
3670750,0.0035538021
3670751,0.0053584957
3670752,0.008749829
3670753,0.004200538
3670754,0.0010224384
3670755,0.001127603
3670756,0.0019764323
3670757,0.011421774
3670758,0.0011206074
3670759,0.0009819692
3670760,0.10598962
3670761,0.0053716893
3670762,0.0010818369
3670763,0.0014416272
3670764,0.0009815589
3670765,0.0032521961
3670766,0.0026460637
3670767,0.0018002044
3670768,0.0039038588
3670769,0.028595068
3670770,0.0029801526
3670771,0.006634221
3670772,0.0035549488
3670773,0.006646085
3670774,0.0028671857
3670775,0.0029564674
3670776,0.0026486132
3670777,0.00072062685
3670778,0.022326961
3670779,0.013330879
3670780,0.005261658
3670781,0.0018477223
3670782,0.0042535085
3670783,0.0024892811
3670784,0.00244818
3670785,0.025613653
3670786,0.0024478503
3670787,0.002491675
3670788,0.005875515
3670789,0.010210423
3670790,0.0010889056
3670791,0.0052723284
3670792,0.0014140328
3670793,0.0028229645
3670794,0.002467802
3670795,0.0019665116
3670796,0.0013235298
3670797,0.004784795
3670798,0.0017827428
3670799,0.0022947993
3670800,0.0015488024
3670801,0.0019550761
3670802,0.0056179287
3670803,0.004521949
3670804,0.004540218
3670805,0.004787291
3670806,0.080410205
3670807,0.002215134
3670808,0.0011527456
3670809,0.005086237
3670810,0.0011796897
3670811,0.0023908266
3670812,0.003513688
3670813,0.00256784
3670814,0.0017348899
3670815,0.0012832046
3670816,0.0037431454
3670817,0.0011655394
3670818,0.0011010754
3670819,0.012524045
3670820,0.0015414812
3670821,0.014665743
3670822,0.002419697
3670823,0.0007107642
3670824,0.0017524625
3670825,0.01646406
3670826,0.0015224599
3670827,0.011092007
3670828,0.0017613515
3670829,0.009398381
3670830,0.0006543146
3670831,0.0034551239
3670832,0.0023292203
3670833,0.007707006
3670834,0.0030447026
3670835,0.05273541
3670836,0.011710496
3670837,0.011873322
3670838,0.008068034
3670839,0.0021335192
3670840,0.0063471026
3670841,0.033412017
3670842,0.008250635
3670843,0.0015499826
3670844,0.0038361826
3670845,0.008748766
3670846,0.0031052923
3670847,0.009269074
3670848,0.0015279637
3670849,0.0022872852
3670850,0.0017554055
3670851,0.029373469
3670852,0.0012302311
3670853,0.0040412354
3670854,0.014180809
3670855,0.0020641212
3670856,0.003139666
3670857,0.00454786
3670858,0.0011129057
3670859,0.0011832505
3670860,0.03982112
3670861,0.0093251765
3670862,0.007348901
3670863,0.004537667
3670864,0.006483983
3670865,0.0142825795
3670866,0.001990364
3670867,0.0027352753
3670868,0.28094742
3670869,0.07931272
3670870,0.0032807041
3670871,0.0023464262
3670872,0.10138224
3670873,0.008717662
3670874,0.010804256
3670875,0.0033140918
3670876,0.0069174976
3670877,0.0010019859
3670878,0.0008120219
3670879,0.013330798
3670880,0.002425513
3670881,0.0019510252
3670882,0.0007365005
3670883,0.0006848481
3670884,0.0019340449
3670885,0.0033224088
3670886,0.00030886737
3670887,0.0015255408
3670888,0.0090102
3670889,0.0014495068
3670890,0.0024596318
3670891,0.015110725
3670892,0.002592134
3670893,0.0041837017
3670894,0.05038032
3670895,0.14919339
3670896,0.0013581811
3670897,0.010182204
3670898,0.008204368
3670899,0.00086824194
3670900,0.0901029
3670901,0.009595743
3670902,0.0030645952
3670903,0.022524655
3670904,0.0010047599
3670905,0.0032883077
3670906,0.00424391
3670907,0.002186654
3670908,0.008145771
3670909,0.015362009
3670910,0.0024653478
3670911,0.00078869157
3670912,0.0014425863
3670913,0.058389492
3670914,0.0020897526
3670915,0.0062907515
3670916,0.0008161803
3670917,0.0008487882
3670918,0.0025544139
3670919,0.0006441965
3670920,0.0016719828
3670921,0.0045752344
3670922,0.0042779506
3670923,0.0033452034
3670924,0.0023167888
3670925,0.004035189
3670926,0.0013454356
3670927,0.027294265
3670928,0.0013240535
3670929,0.015473334
3670930,0.00744116
3670931,0.004900441
3670932,0.00075301586
3670933,0.0026641465
3670934,0.0043104147
3670935,0.0006430914
3670936,0.0010403601
3670937,0.027885647
3670938,0.0011154914
3670939,0.0044819145
3670940,0.0035901295
3670941,0.015149065
3670942,0.0025137987
3670943,0.00082596834
3670944,0.0017850557
3670945,0.0028106382
3670946,0.0024757148
3670947,0.0043327976
3670948,0.015633944
3670949,0.0026657663
3670950,0.0048220456
3670951,0.0039590914
3670952,0.007576621
3670953,0.0043958076
3670954,0.0012913105
3670955,0.0023915274
3670956,0.00066749036
3670957,0.0014635071
3670958,0.044081237
3670959,0.009138552
3670960,0.0016131634
3670961,0.078275755
3670962,0.008927671
3670963,0.0031643421
3670964,0.0005948302
3670965,0.010785305
3670966,0.0043728473
3670967,0.027088698
3670968,0.0007752713
3670969,0.005390281
3670970,0.0041561197
3670971,0.009238174
3670972,0.0025542232
3670973,0.0015577022
3670974,0.0007554276
3670975,0.0067139775
3670976,0.15658882
3670977,0.17954145
3670978,0.010361001
3670979,0.0018794995
3670980,0.0060755727
3670981,0.09011297
3670982,0.0026384285
3670983,0.015619995
3670984,0.00965071
3670985,0.06904093
3670986,0.004014865
3670987,0.01595535
3670988,0.0017097822
3670989,0.0026824882
3670990,0.0028229537
3670991,0.0043566306
3670992,0.0031462589
3670993,0.013435812
3670994,0.0020921363
3670995,0.0013477164
3670996,0.001453732
3670997,0.002772832
3670998,0.0027740756
3670999,0.029122472
3671000,0.004448918
3671001,0.003328481
3671002,0.0028890907
3671003,0.0010901039
3671004,0.0030572354
3671005,0.063776664
3671006,0.004309267
3671007,0.001192413
3671008,0.001453732
3671009,0.0046735415
3671010,0.0017855901
3671011,0.021278039
3671012,0.009867735
3671013,0.0011898584
3671014,0.0032872565
3671015,0.0014093388
3671016,0.022904428
3671017,0.0059306617
3671018,0.05860794
3671019,0.0016587852
3671020,0.0027906215
3671021,0.0006405059
3671022,0.010026313
3671023,0.002490052
3671024,0.001181861
3671025,0.004340556
3671026,0.001222341
3671027,0.0043267626
3671028,0.05146889
3671029,0.0016223082
3671030,0.0060370895
3671031,0.0031407496
3671032,0.00096476363
3671033,0.027000988
3671034,0.005251428
3671035,0.0046832385
3671036,0.0012637494
3671037,0.036025308
3671038,0.018802416
3671039,0.018491555
3671040,0.012468475
3671041,0.016275339
3671042,0.006492759
3671043,0.005111391
3671044,0.0033184607
3671045,0.0028311631
3671046,0.027328257
3671047,0.0015646175
3671048,0.0047260537
3671049,0.004083357
3671050,0.0012801425
3671051,0.0029801526
3671052,0.0023655985
3671053,0.013566622
3671054,0.003842535
3671055,0.0126894135
3671056,0.025234161
3671057,0.0019231408
3671058,0.0003297092
3671059,0.025963731
3671060,0.00086128956
3671061,0.019333541
3671062,0.0025174217
3671063,0.008604811
3671064,0.003213115
3671065,0.007672454
3671066,0.0021592078
3671067,0.0062158145
3671068,0.0029483512
3671069,0.0037143803
3671070,0.049365345
3671071,0.0018570836
3671072,0.0030901884
3671073,0.008929115
3671074,0.0015938592
3671075,0.0012532293
3671076,0.00147013
3671077,0.009363066
3671078,0.011946208
3671079,0.19360368
3671080,0.0014246873
3671081,0.0027906958
3671082,0.002830494
3671083,0.001467634
3671084,0.0024692724
3671085,0.005272378
3671086,0.0021672465
3671087,0.006988699
3671088,0.05188695
3671089,0.010097948
3671090,0.004351774
3671091,0.0020000755
3671092,0.004581215
3671093,0.0015489882
3671094,0.0140444795
3671095,0.036682673
3671096,0.0035315272
3671097,0.043900672
3671098,0.009586313
3671099,0.006452705
3671100,0.0050294735
3671101,0.24832903
3671102,0.005948446
3671103,0.004936006
3671104,0.04267395
3671105,0.0068542506
3671106,0.005002809
3671107,0.058529526
3671108,0.004421112
3671109,0.002334224
3671110,0.19538108
3671111,0.014424013
3671112,0.03969245
3671113,0.0041572484
3671114,0.0027008925
3671115,0.0011198043
3671116,0.03228764
3671117,0.0005065787
3671118,0.025803251
3671119,0.0019307303
3671120,0.0031993387
3671121,0.008869787
3671122,0.0009824234
3671123,0.013562449
3671124,0.000678484
3671125,0.008680765
3671126,0.0031339747
3671127,0.005447877
3671128,0.0021654777
3671129,0.02631473
3671130,0.00048629713
3671131,0.0017106875
3671132,0.002376781
3671133,0.029943928
3671134,0.00579929
3671135,0.0006755331
3671136,0.0007596872
3671137,0.023335723
3671138,0.0017176527
3671139,0.0020186133
3671140,0.0058779055
3671141,0.00208228
3671142,0.0025148713
3671143,0.0009652215
3671144,0.009142019
3671145,0.0036826986
3671146,0.016171359
3671147,0.004792569
3671148,0.0010868422
3671149,0.002145834
3671150,0.032264255
3671151,0.0027226226
3671152,0.0024303764
3671153,0.00054675544
3671154,0.001858158
3671155,0.0024149937
3671156,0.0006977727
3671157,0.020788463
3671158,0.002924883
3671159,0.124630265
3671160,0.0132852085
3671161,0.0023079705
3671162,0.0076520992
3671163,0.056172755
3671164,0.040059306
3671165,0.0029030044
3671166,0.00067352713
3671167,0.0029577664
3671168,0.005595714
3671169,0.020671709
3671170,0.0021924807
3671171,0.002180042
3671172,0.009729992
3671173,0.0006633767
3671174,0.013998406
3671175,0.0014518829
3671176,0.0026034156
3671177,0.0018600294
3671178,0.03550295
3671179,0.0019708027
3671180,0.002077315
3671181,0.0018571527
3671182,0.0028544404
3671183,0.0005312111
3671184,0.0043664784
3671185,0.0031205704
3671186,0.0017815754
3671187,0.0017160706
3671188,0.0060836724
3671189,0.0046833805
3671190,0.0015639145
3671191,0.0013061733
3671192,0.0028593605
3671193,0.005227078
3671194,0.0015499826
3671195,0.004574826
3671196,0.00495545
3671197,0.004457914
3671198,0.013717912
3671199,0.006832165
3671200,0.009026932
3671201,0.0088570155
3671202,0.0046023033
3671203,0.022091243
3671204,0.019504247
3671205,0.0019738982
3671206,0.0044728327
3671207,0.0018311397
3671208,0.0045738122
3671209,0.0021166862
3671210,0.0036522176
3671211,0.00807389
3671212,0.018713925
3671213,0.0009501586
3671214,0.00071066123
3671215,0.010910861
3671216,0.005819165
3671217,0.0018927312
3671218,0.0021702554
3671219,0.0026017248
3671220,0.06484801
3671221,0.002873383
3671222,0.00088231673
3671223,0.03798894
3671224,0.058523025
3671225,0.0018047472
3671226,0.0010916418
3671227,0.0074808532
3671228,0.015689645
3671229,0.021877348
3671230,0.011461269
3671231,0.0027827914
3671232,0.0014637065
3671233,0.0011197655
3671234,0.0017541694
3671235,0.0025652898
3671236,0.0048703607
3671237,0.0066020912
3671238,0.02115152
3671239,0.038525637
3671240,0.014076221
3671241,0.0002354645
3671242,0.00071162084
3671243,0.0013247195
3671244,0.013229892
3671245,0.00378608
3671246,0.0020162545
3671247,0.01123177
3671248,0.0097645195
3671249,0.0067258906
3671250,0.0026566074
3671251,0.0022932037
3671252,0.00086354814
3671253,0.0023775885
3671254,0.004360798
3671255,0.009811827
3671256,0.0898144
3671257,0.012471927
3671258,0.0018400791
3671259,0.051239435
3671260,0.001974117
3671261,0.011032534
3671262,0.001623644
3671263,0.024435915
3671264,0.00424391
3671265,0.0050617224
3671266,0.0022673998
3671267,0.0016816476
3671268,0.010352131
3671269,0.0003998665
3671270,0.016856678
3671271,0.0054786196
3671272,0.0014102168
3671273,0.004327159
3671274,0.005487562
3671275,0.0041817776
3671276,0.0047299583
3671277,0.0036577433
3671278,0.004605736
3671279,0.0006614292
3671280,0.0018926394
3671281,0.0016041633
3671282,0.0014572886
3671283,0.0016913072
3671284,0.0046233106
3671285,0.0008798485
3671286,0.0017837961
3671287,0.0018940882
3671288,0.011739067
3671289,0.005875515
3671290,0.0014697878
3671291,0.0013122676
3671292,0.02750632
3671293,0.0019998176
3671294,0.00821158
3671295,0.008065848
3671296,0.05605295
3671297,0.007204401
3671298,0.000571585
3671299,0.0068118176
3671300,0.0025530632
3671301,0.0055613373
3671302,0.0016209355
3671303,0.0035427695
3671304,0.0016677863
3671305,0.010735886
3671306,0.0006375566
3671307,0.0138086695
3671308,0.0033822753
3671309,0.0018485087
3671310,0.0024925487
3671311,0.0142936455
3671312,0.0019586838
3671313,0.023413913
3671314,0.0016148353
3671315,0.002199594
3671316,0.0034460025
3671317,0.0039569912
3671318,0.003879723
3671319,0.020974128
3671320,0.008442233
3671321,0.008624786
3671322,0.011330231
3671323,0.001498438
3671324,0.0014420308
3671325,0.0012465495
3671326,0.0023915274
3671327,0.0018989571
3671328,0.0062939147
3671329,0.19732842
3671330,0.00040082022
3671331,0.008477729
3671332,0.0041699
3671333,0.019361356
3671334,0.00614672
3671335,0.0051650624
3671336,0.007260942
3671337,0.011001429
3671338,0.0009749449
3671339,0.0016153199
3671340,0.0043664784
3671341,0.014228806
3671342,0.0043679383
3671343,0.0034708655
3671344,0.0035664092
3671345,0.0027838105
3671346,0.0062833456
3671347,0.009991293
3671348,0.009474989
3671349,0.0053457604
3671350,0.0021804713
3671351,0.0022118695
3671352,0.003247178
3671353,0.0011181143
3671354,0.0027786884
3671355,0.0014476182
3671356,0.005819165
3671357,0.0028808482
3671358,0.004019291
3671359,0.0030781135
3671360,0.023878463
3671361,0.0027782721
3671362,0.0013845374
3671363,0.0056002587
3671364,0.0048622577
3671365,0.0065292884
3671366,0.013688158
3671367,0.0022989658
3671368,0.005390861
3671369,0.0030863849
3671370,0.00973394
3671371,0.006340604
3671372,0.0036358
3671373,0.07442239
3671374,0.010822527
3671375,0.12141634
3671376,0.015916562
3671377,0.02098647
3671378,0.0082677575
3671379,0.01601717
3671380,0.0008413322
3671381,0.0044532814
3671382,0.005676022
3671383,0.1572878
3671384,0.0040341825
3671385,0.008778748
3671386,0.0029355239
3671387,0.0054116766
3671388,0.007949561
3671389,0.0040323515
3671390,0.0057160337
3671391,0.0012315542
3671392,0.0025223743
3671393,0.00057312613
3671394,0.0077260025
3671395,0.002597107
3671396,0.0011766164
3671397,0.0075669214
3671398,0.003430295
3671399,0.002177935
3671400,0.0034786405
3671401,0.004424272
3671402,0.0024758736
3671403,0.0013957529
3671404,0.030793454
3671405,0.0018228474
3671406,0.007947891
3671407,0.0052971393
3671408,0.007134759
3671409,0.006840832
3671410,0.010094974
3671411,0.0021623746
3671412,0.008049574
3671413,0.00024249814
3671414,0.0039843926
3671415,0.02786922
3671416,0.0028628064
3671417,0.026037773
3671418,0.009274084
3671419,0.0052034627
3671420,0.00027142515
3671421,0.0012942916
3671422,0.02837773
3671423,0.005918106
3671424,0.004358989
3671425,0.003670278
3671426,0.0038706448
3671427,0.0032540546
3671428,0.0021467458
3671429,0.0039675278
3671430,0.018187432
3671431,0.0038441797
3671432,0.0010011862
3671433,0.0033443673
3671434,0.0030038804
3671435,0.007727264
3671436,0.00533579
3671437,0.0059604333
3671438,0.010254257
3671439,0.0034800724
3671440,0.013891101
3671441,0.0022075726
3671442,0.0046922197
3671443,0.031159574
3671444,0.00072870567
3671445,0.008790536
3671446,0.008354649
3671447,0.006633407
3671448,0.00095214817
3671449,0.0022694988
3671450,0.0016686337
3671451,0.16065128
3671452,0.001380492
3671453,0.0029437349
3671454,0.00092097634
3671455,0.003354094
3671456,0.020648554
3671457,0.0009950063
3671458,0.0011645495
3671459,0.004742224
3671460,0.0015332652
3671461,0.006744807
3671462,0.0018934817
3671463,0.0043499237
3671464,0.0028207747
3671465,0.012649223
3671466,0.030552391
3671467,0.007777886
3671468,0.003142174
3671469,0.00028544336
3671470,0.08462904
3671471,0.0021026584
3671472,0.0016407226
3671473,0.006713059
3671474,0.0016850982
3671475,0.001562162
3671476,0.0032222255
3671477,0.0023506305
3671478,0.0023655703
3671479,0.0058608307
3671480,0.0013624493
3671481,0.0021060028
3671482,0.014140915
3671483,0.010558551
3671484,0.009480437
3671485,0.0052413996
3671486,0.059079643
3671487,0.028931182
3671488,0.034322646
3671489,0.0009933917
3671490,0.0027320983
3671491,0.00219412
3671492,0.0066590323
3671493,0.0030420595
3671494,0.007778634
3671495,0.008275409
3671496,0.016307257
3671497,0.0020158621
3671498,0.024428856
3671499,0.0021517947
3671500,0.004757475
3671501,0.0029163295
3671502,0.0007582765
3671503,0.023952669
3671504,0.0080612255
3671505,0.007345788
3671506,0.011909308
3671507,0.008187992
3671508,0.0039074
3671509,0.0063005867
3671510,0.026176518
3671511,0.00085185084
3671512,0.0054722843
3671513,0.0048500383
3671514,0.00042070894
3671515,0.004108846
3671516,0.011282833
3671517,0.004379483
3671518,0.011320562
3671519,0.0032371709
3671520,0.007352324
3671521,0.0028411285
3671522,0.10276074
3671523,0.0062038936
3671524,0.0068622893
3671525,0.0016041633
3671526,0.014106456
3671527,0.0022843839
3671528,0.004793133
3671529,0.0063509564
3671530,0.013216527
3671531,0.0029950864
3671532,0.001732045
3671533,0.0035935852
3671534,0.014175004
3671535,0.0020920387
3671536,0.002356383
3671537,0.044479903
3671538,0.002798251
3671539,0.00041918652
3671540,0.006964425
3671541,0.00071656524
3671542,0.008490115
3671543,0.0058704093
3671544,0.021151723
3671545,0.028549349
3671546,0.003452357
3671547,0.0030271327
3671548,0.0032971026
3671549,0.01066476
3671550,0.0061863377
3671551,0.0013064487
3671552,0.004429524
3671553,0.034613438
3671554,0.0015635578
3671555,0.00074484694
3671556,0.0009232374
3671557,0.021635247
3671558,0.006557614
3671559,0.0036673083
3671560,0.036952585
3671561,0.013169533
3671562,0.0019437225
3671563,0.011908933
3671564,0.005704162
3671565,0.021845901
3671566,0.012382263
3671567,0.0027556156
3671568,0.0011018929
3671569,0.0074090185
3671570,0.0022567594
3671571,0.015907362
3671572,0.055582207
3671573,0.009043014
3671574,0.004895551
3671575,0.0027690043
3671576,0.0016371157
3671577,0.0312884
3671578,0.0044254586
3671579,0.0072780037
3671580,0.005582074
3671581,0.01740198
3671582,0.0021478615
3671583,0.0013639092
3671584,0.01444414
3671585,0.001098107
3671586,0.002841199
3671587,0.0054514282
3671588,0.017157786
3671589,0.026993202
3671590,0.00104347
3671591,0.0008647977
3671592,0.0027002105
3671593,0.0065887133
3671594,0.6073433
3671595,0.002455872
3671596,0.0009197184
3671597,0.00778326
3671598,0.009748166
3671599,0.027666247
3671600,0.0023344918
3671601,0.003914015
3671602,0.005610228
3671603,0.00175415
3671604,0.8268857
3671605,0.0069183586
3671606,0.002939795
3671607,0.004958576
3671608,0.019809352
3671609,0.7589351
3671610,0.0051061125
3671611,0.0017836204
3671612,0.034559406
3671613,0.00393743
3671614,0.0014708457
3671615,0.007174654
3671616,0.0015208987
3671617,0.0048040156
3671618,0.0019272491
3671619,0.0019994741
3671620,0.009192838
3671621,0.0013050429
3671622,0.010894088
3671623,0.0023767892
3671624,0.0013971819
3671625,0.011951455
3671626,0.0058906246
3671627,0.006732488
3671628,0.00077399507
3671629,0.09337331
3671630,0.0025854744
3671631,0.036952585
3671632,0.02673854
3671633,0.001796586
3671634,0.0035023664
3671635,0.0036752913
3671636,0.0037907967
3671637,0.03982112
3671638,0.00051742187
3671639,0.0008247147
3671640,0.00093023275
3671641,0.00055885134
3671642,0.008029252
3671643,0.003908087
3671644,0.050420497
3671645,0.008770184
3671646,0.0048873625
3671647,0.06963488
3671648,0.0028088798
3671649,0.026329597
3671650,0.001041509
3671651,0.016503492
3671652,0.0021216886
3671653,0.0011150637
3671654,0.0028939957
3671655,0.016650613
3671656,0.0012166516
3671657,0.052255176
3671658,0.00096147944
3671659,0.0012142597
3671660,0.008750238
3671661,0.014497215
3671662,0.0075898664
3671663,0.0029705807
3671664,0.024187643
3671665,0.002617426
3671666,0.00074552896
3671667,0.02531775
3671668,0.0018793431
3671669,0.005678854
3671670,0.03154568
3671671,0.044545062
3671672,0.0012383036
3671673,0.19788916
3671674,0.0011296791
3671675,0.012970735
3671676,0.012333631
3671677,0.0013257836
3671678,0.0022465235
3671679,0.010229118
3671680,0.003981394
3671681,0.019050298
3671682,0.44979233
3671683,0.0037317716
3671684,0.0014432556
3671685,0.0018926671
3671686,0.0046888916
3671687,0.00133639
3671688,0.003776689
3671689,0.0032594118
3671690,0.009453563
3671691,0.0020223784
3671692,0.20493169
3671693,0.002661796
3671694,0.022182604
3671695,0.0077954587
3671696,0.0017219277
3671697,0.002924883
3671698,0.0053734267
3671699,0.0075898664
3671700,0.00048142986
3671701,0.0294803
3671702,0.0075898664
3671703,0.0022511329
3671704,0.0072449567
3671705,0.0025638347
3671706,0.004006849
3671707,0.03320863
3671708,0.004965069
3671709,0.013937671
3671710,0.0020004571
3671711,0.016688945
3671712,0.00437187
3671713,0.00097591564
3671714,0.031944588
3671715,0.0022781368
3671716,0.010530338
3671717,0.0047136443
3671718,0.0011522395
3671719,0.0015650786
3671720,0.040958833
3671721,0.0033589192
3671722,0.0025820963
3671723,0.0015043275
3671724,0.00077368604
3671725,0.124663875
3671726,0.0141228065
3671727,0.102978654
3671728,0.041195255
3671729,0.027437957
3671730,0.002798995
3671731,0.009554281
3671732,0.0070736217
3671733,0.0056584594
3671734,0.0032093616
3671735,0.015852902
3671736,0.005250706
3671737,0.002451872
3671738,0.22899598
3671739,0.17832431
3671740,0.010330044
3671741,0.0023915274
3671742,0.005838197
3671743,0.0031593512
3671744,0.01316213
3671745,0.0050382717
3671746,0.0097570075
3671747,0.004844915
3671748,0.0015499826
3671749,0.008813649
3671750,0.0005396895
3671751,0.018491114
3671752,0.001990364
3671753,0.005152244
3671754,0.021353591
3671755,0.021677833
3671756,0.007863411
3671757,0.0021046684
3671758,0.0031383142
3671759,0.0017521782
3671760,0.005652649
3671761,0.007783286
3671762,0.031010276
3671763,0.007553966
3671764,0.002282438
3671765,0.0064357845
3671766,0.011923165
3671767,0.13883975
3671768,0.0009542811
3671769,0.0009603597
3671770,0.003679014
3671771,0.0032212806
3671772,0.0051153526
3671773,0.00715477
3671774,0.0024859111
3671775,0.00044742183
3671776,0.0046246294
3671777,0.067505844
3671778,0.00217313
3671779,0.036945824
3671780,0.014032923
3671781,0.021489846
3671782,0.017591834
3671783,0.0043693176
3671784,0.005818696
3671785,0.06888263
3671786,0.01779281
3671787,0.002924883
3671788,0.0024314309
3671789,0.00658263
3671790,0.00079638686
3671791,0.0009896188
3671792,0.009349692
3671793,0.006318294
3671794,0.005111391
3671795,0.0051412764
3671796,0.0022400527
3671797,0.002880544
3671798,0.0026301262
3671799,0.0012891607
3671800,0.0024205626
3671801,0.0042988267
3671802,0.08302377
3671803,0.0029292752
3671804,0.001202843
3671805,0.0022942852
3671806,0.004139152
3671807,0.00059120916
3671808,0.0014486595
3671809,0.022558654
3671810,0.002982592
3671811,0.011208203
3671812,0.013761937
3671813,0.00502282
3671814,0.0032405006
3671815,0.0010030087
3671816,0.0064901444
3671817,0.0012022177
3671818,0.0028896483
3671819,0.0029570083
3671820,0.008430256
3671821,0.0024542091
3671822,0.0009536416
3671823,0.007835408
3671824,0.009575959
3671825,0.0055523333
3671826,0.0019956203
3671827,0.00951225
3671828,0.008364658
3671829,0.0059043537
3671830,0.0048600067
3671831,0.0017554055
3671832,0.0016191894
3671833,0.0054032523
3671834,0.0059839194
3671835,0.0018470119
3671836,0.010196573
3671837,0.0009496269
3671838,0.0010303024
3671839,0.005132319
3671840,0.0011695186
3671841,0.0145203415
3671842,0.0060117478
